Stkcd,Ddate,Meps
證券代碼,報告期間,每股收益
沒有單位,沒有單位,元
000001,2018-12-31,1.39
000002,2018-12-31,3.06
000005,2018-12-31,0.1406
000006,2018-12-31,0.6476
000008,2018-12-31,0.116
000010,2018-12-31,-0.8922
000012,2018-12-31,0.16
000016,2018-12-31,0.1708
000018,2018-12-31,-1.004
000020,2018-12-31,0.0116
000021,2018-12-31,0.3603
000022,2018-12-31,0.61
000023,2018-12-31,0.1897
000026,2018-12-31,0.419
000027,2018-12-31,0.17
000028,2018-12-31,2.83
000030,2018-12-31,0.49
000031,2018-12-31,0.77
000034,2018-12-31,0.7834
000035,2018-12-31,0.1602
000036,2018-12-31,0.849
000038,2018-12-31,-4.877
000039,2018-12-31,1.11
000040,2018-12-31,0.83
000042,2018-12-31,0.6719
000043,2018-12-31,1.2844
000045,2018-12-31,-0.04
000046,2018-12-31,0.1791
000049,2018-12-31,1.9556
000050,2018-12-31,0.4599
000055,2018-12-31,1.91
000056,2018-12-31,0.08
000058,2018-12-31,0.0225
000059,2018-12-31,0.66
000060,2018-12-31,0.26
000061,2018-12-31,0.0252
000062,2018-12-31,0.9504
000063,2018-12-31,-1.67
000065,2018-12-31,0.77
000066,2018-12-31,0.336
000068,2018-12-31,-0.132
000069,2018-12-31,1.2907
000070,2018-12-31,0.4396
000078,2018-12-31,0.156
000088,2018-12-31,0.23
000089,2018-12-31,0.3257
000090,2018-12-31,0.54
000096,2018-12-31,0.2
000099,2018-12-31,0.25
000100,2018-12-31,0.2566
000150,2018-12-31,0.283
000151,2018-12-31,0.2818
000155,2018-12-31,0.24
000156,2018-12-31,0.45
000157,2018-12-31,0.26
000158,2018-12-31,0.11
000166,2018-12-31,0.19
000301,2018-12-31,0.26
000333,2018-12-31,3.08
000338,2018-12-31,1.08
000400,2018-12-31,0.198
000401,2018-12-31,1.101
000402,2018-12-31,1.09
000403,2018-12-31,0.2934
000404,2018-12-31,0.1037
000407,2018-12-31,0.12
000408,2018-12-31,0.4264
000409,2018-12-31,0.0606
000410,2018-12-31,-1.03
000411,2018-12-31,0.45
000413,2018-12-31,0.38
000415,2018-12-31,0.3686
000416,2018-12-31,0.0376
000417,2018-12-31,0.2879
000418,2018-12-31,2.94
000419,2018-12-31,0.2602
000420,2018-12-31,0.0672
000421,2018-12-31,0.2501
000422,2018-12-31,0.23
000423,2018-12-31,3.1878
000425,2018-12-31,0.261
000426,2018-12-31,-0.0918
000428,2018-12-31,-0.469
000429,2018-12-31,0.8
000430,2018-12-31,0.07
000488,2018-12-31,0.51
000498,2018-12-31,0.5924
000501,2018-12-31,1.39
000502,2018-12-31,0.42
000503,2018-12-31,-0.2089
000505,2018-12-31,0.24
000507,2018-12-31,0.2138
000513,2018-12-31,1.51
000514,2018-12-31,0.0298
000516,2018-12-31,1.11
000519,2018-12-31,0.247
000521,2018-12-31,0.037
000523,2018-12-31,0.05
000524,2018-12-31,0.31
000525,2018-12-31,1.096
000526,2018-12-31,0.1346
000528,2018-12-31,0.5402
000529,2018-12-31,0.29
000530,2018-12-31,0.13
000531,2018-12-31,0.1196
000532,2018-12-31,0.1586
000533,2018-12-31,-1.4
000534,2018-12-31,0.12
000536,2018-12-31,-1.7955
000537,2018-12-31,1.34
000538,2018-12-31,3.18
000539,2018-12-31,0.09
000540,2018-12-31,0.2098
000541,2018-12-31,0.2699
000543,2018-12-31,0.31
000544,2018-12-31,0.43
000545,2018-12-31,0.103
000546,2018-12-31,0.5245
000547,2018-12-31,0.31
000548,2018-12-31,0.08
000550,2018-12-31,0.11
000551,2018-12-31,0.22
000552,2018-12-31,0.2505
000553,2018-12-31,0.98
000554,2018-12-31,0.0039
000555,2018-12-31,0.0437
000557,2018-12-31,0.1
000558,2018-12-31,-0.05
000559,2018-12-31,0.262
000560,2018-12-31,0.2714
000561,2018-12-31,0.15
000563,2018-12-31,0.0912
000564,2018-12-31,0.1269
000565,2018-12-31,0.1
000566,2018-12-31,0.09
000567,2018-12-31,0.3265
000568,2018-12-31,2.38
000570,2018-12-31,0.1112
000571,2018-12-31,-1.0788
000581,2018-12-31,2.37
000582,2018-12-31,0.46
000584,2018-12-31,0.1962
000586,2018-12-31,-0.015
000587,2018-12-31,-1.45
000590,2018-12-31,-0.1594
000591,2018-12-31,0.287
000592,2018-12-31,0.0136
000593,2018-12-31,-0.518
000596,2018-12-31,3.37
000597,2018-12-31,0.36
000598,2018-12-31,0.33
000599,2018-12-31,0.03
000600,2018-12-31,0.241
000601,2018-12-31,0.28
000603,2018-12-31,0.6
000605,2018-12-31,0.17
000606,2018-12-31,0.1218
000607,2018-12-31,0.1
000608,2018-12-31,0.02
000609,2018-12-31,-0.2
000610,2018-12-31,0.4066
000612,2018-12-31,-0.371
000613,2018-12-31,0.0018
000615,2018-12-31,0.2
000616,2018-12-31,0.24
000617,2018-12-31,0.8
000619,2018-12-31,0.027
000620,2018-12-31,0.63
000625,2018-12-31,0.14
000626,2018-12-31,0.08
000627,2018-12-31,0.27
000628,2018-12-31,0.176
000629,2018-12-31,0.3598
000630,2018-12-31,0.07
000631,2018-12-31,0.42
000635,2018-12-31,0.09
000636,2018-12-31,1.14
000638,2018-12-31,-0.48
000639,2018-12-31,0.62
000650,2018-12-31,0.41
000651,2018-12-31,4.36
000655,2018-12-31,0.169
000656,2018-12-31,0.72
000657,2018-12-31,0.1544
000661,2018-12-31,5.92
000662,2018-12-31,0.138
000663,2018-12-31,-3.9
000665,2018-12-31,0.29
000666,2018-12-31,1.08
000667,2018-12-31,0.0974
000669,2018-12-31,-2.33
000671,2018-12-31,0.66
000672,2018-12-31,1.81
000673,2018-12-31,-2.0226
000676,2018-12-31,0.7388
000679,2018-12-31,-1.16
000680,2018-12-31,0.0649
000681,2018-12-31,0.4585
000682,2018-12-31,0.1369
000683,2018-12-31,0.33
000685,2018-12-31,0.47
000686,2018-12-31,0.13
000687,2018-12-31,-0.6448
000688,2018-12-31,0.3561
000690,2018-12-31,0.21
000697,2018-12-31,0.0425
000698,2018-12-31,0.14
000700,2018-12-31,0.012
000701,2018-12-31,-0.2335
000703,2018-12-31,0.8
000705,2018-12-31,0.21
000707,2018-12-31,0.2925
000708,2018-12-31,1.135
000709,2018-12-31,0.32
000710,2018-12-31,0.76
000711,2018-12-31,0.12
000712,2018-12-31,-0.2
000715,2018-12-31,0.32
000716,2018-12-31,0.084
000717,2018-12-31,1.3666
000718,2018-12-31,0.3363
000719,2018-12-31,0.72
000721,2018-12-31,0.019
000722,2018-12-31,0.2
000723,2018-12-31,0.44
000725,2018-12-31,0.1
000726,2018-12-31,0.9
000727,2018-12-31,-0.218
000728,2018-12-31,0.2
000729,2018-12-31,0.064
000731,2018-12-31,0.3713
000732,2018-12-31,2.0529
000733,2018-12-31,0.503
000735,2018-12-31,0.3376
000736,2018-12-31,1.82
000738,2018-12-31,0.226
000739,2018-12-31,0.3144
000750,2018-12-31,0.02
000751,2018-12-31,0.04
000752,2018-12-31,-1.5619
000756,2018-12-31,0.4
000757,2018-12-31,0.18
000758,2018-12-31,0.0608
000759,2018-12-31,0.63
000761,2018-12-31,0.272
000762,2018-12-31,-0.3475
000766,2018-12-31,0.34
000767,2018-12-31,0.1038
000768,2018-12-31,0.2016
000776,2018-12-31,0.56
000777,2018-12-31,0.2686
000778,2018-12-31,0.5265
000779,2018-12-31,0.624
000780,2018-12-31,-0.25
000783,2018-12-31,0.05
000785,2018-12-31,0.26
000786,2018-12-31,1.46
000789,2018-12-31,1.8547
000790,2018-12-31,0.0556
000792,2018-12-31,-1.2371
000793,2018-12-31,-2.495
000795,2018-12-31,0.1
000796,2018-12-31,0.2418
000797,2018-12-31,0.2051
000798,2018-12-31,0.1792
000799,2018-12-31,0.6853
000800,2018-12-31,0.125
000801,2018-12-31,0.0868
000802,2018-12-31,0.172
000807,2018-12-31,-0.56
000810,2018-12-31,0.32
000811,2018-12-31,0.43
000813,2018-12-31,0.4162
000815,2018-12-31,0.06
000816,2018-12-31,0.03
000818,2018-12-31,0.73
000820,2018-12-31,-1.03
000821,2018-12-31,0.27
000822,2018-12-31,0.66
000823,2018-12-31,0.5025
000825,2018-12-31,0.874
000826,2018-12-31,0.381
000828,2018-12-31,1.016
000829,2018-12-31,-0.22
000830,2018-12-31,2.015
000831,2018-12-31,0.1038
000833,2018-12-31,0.1324
000835,2018-12-31,-1.37
000836,2018-12-31,0.056
000837,2018-12-31,-0.4035
000838,2018-12-31,0.1033
000839,2018-12-31,0.5118
000848,2018-12-31,0.42
000851,2018-12-31,0.0385
000852,2018-12-31,0.0226
000858,2018-12-31,3.474
000860,2018-12-31,1.3044
000861,2018-12-31,0.06
000863,2018-12-31,-0.33
000869,2018-12-31,1.52
000875,2018-12-31,0.05
000876,2018-12-31,0.4
000877,2018-12-31,1.1835
000878,2018-12-31,0.0878
000881,2018-12-31,0.3058
000882,2018-12-31,0.012
000883,2018-12-31,0.278
000885,2018-12-31,1.1735
000886,2018-12-31,0.168
000887,2018-12-31,0.92
000888,2018-12-31,0.3971
000889,2018-12-31,0.3991
000890,2018-12-31,-0.38
000892,2018-12-31,0.33
000895,2018-12-31,1.4894
000898,2018-12-31,1.099
000899,2018-12-31,0.19
000900,2018-12-31,0.63
000901,2018-12-31,0.2557
000902,2018-12-31,0.63
000903,2018-12-31,0.118
000905,2018-12-31,0.0475
000906,2018-12-31,0.39
000908,2018-12-31,0.2123
000909,2018-12-31,0.118
000910,2018-12-31,1.31
000911,2018-12-31,-4.21
000915,2018-12-31,0.55
000917,2018-12-31,0.06
000918,2018-12-31,-0.87
000919,2018-12-31,0.4797
000920,2018-12-31,0.21
000921,2018-12-31,1.01
000922,2018-12-31,0.5689
000923,2018-12-31,0.2055
000925,2018-12-31,0.05
000926,2018-12-31,1.17
000928,2018-12-31,0.3509
000930,2018-12-31,0.26
000931,2018-12-31,0.1237
000932,2018-12-31,2.2483
000933,2018-12-31,0.13
000935,2018-12-31,0.91
000936,2018-12-31,0.36
000937,2018-12-31,0.2468
000938,2018-12-31,1.168
000939,2018-12-31,-1.3
000948,2018-12-31,0.3032
000949,2018-12-31,0.0899
000950,2018-12-31,0.4
000951,2018-12-31,1.35
000952,2018-12-31,0.682
000955,2018-12-31,-0.202
000957,2018-12-31,0.0617
000958,2018-12-31,0.13
000959,2018-12-31,0.4544
000960,2018-12-31,0.5281
000961,2018-12-31,0.5912
000962,2018-12-31,0.0678
000963,2018-12-31,1.55
000965,2018-12-31,0.09
000966,2018-12-31,0.1883
000967,2018-12-31,0.41
000968,2018-12-31,0.7
000969,2018-12-31,-0.2121
000970,2018-12-31,0.233
000971,2018-12-31,-2.26
000975,2018-12-31,0.3344
000976,2018-12-31,0.09
000977,2018-12-31,0.5108
000978,2018-12-31,0.223
000980,2018-12-31,0.39
000981,2018-12-31,-0.14
000982,2018-12-31,-1.6526
000983,2018-12-31,0.572
000985,2018-12-31,-0.02
000987,2018-12-31,0.195
000988,2018-12-31,0.28
000989,2018-12-31,0.39
000990,2018-12-31,0.6778
000993,2018-12-31,-0.85
000997,2018-12-31,0.5796
000998,2018-12-31,0.63
000999,2018-12-31,1.46
001696,2018-12-31,0.3267
001965,2018-12-31,0.6329
001979,2018-12-31,1.89
002001,2018-12-31,1.43
002002,2018-12-31,0.2362
002003,2018-12-31,0.41
002004,2018-12-31,0.25
002005,2018-12-31,-2.2481
002006,2018-12-31,0.01
002007,2018-12-31,1.2252
002008,2018-12-31,1.61
002009,2018-12-31,0.37
002010,2018-12-31,0.25
002011,2018-12-31,-2.36
002013,2018-12-31,0.23
002014,2018-12-31,0.45
002015,2018-12-31,0.013
002016,2018-12-31,0.9841
002017,2018-12-31,0.11
002018,2018-12-31,-0.53
002019,2018-12-31,0.61
002020,2018-12-31,0.512
002021,2018-12-31,-0.34
002022,2018-12-31,0.4054
002023,2018-12-31,0.08
002024,2018-12-31,1.44
002025,2018-12-31,0.84
002026,2018-12-31,0.37
002027,2018-12-31,0.4
002028,2018-12-31,0.39
002029,2018-12-31,0.46
002030,2018-12-31,0.13
002031,2018-12-31,0.0248
002032,2018-12-31,2.043
002033,2018-12-31,0.3487
002034,2018-12-31,0.74
002035,2018-12-31,0.7748
002036,2018-12-31,0.44
002037,2018-12-31,0.36
002038,2018-12-31,0.8344
002039,2018-12-31,1.2043
002040,2018-12-31,0.4406
002041,2018-12-31,0.037
002042,2018-12-31,0.5
002043,2018-12-31,0.41
002044,2018-12-31,0.26
002045,2018-12-31,-0.49
002046,2018-12-31,0.0441
002047,2018-12-31,0.21
002048,2018-12-31,1.17
002049,2018-12-31,0.5734
002050,2018-12-31,0.61
002051,2018-12-31,1.08
002053,2018-12-31,0.2057
002054,2018-12-31,0.12
002055,2018-12-31,0.5501
002056,2018-12-31,0.42
002057,2018-12-31,0.3183
002059,2018-12-31,0.6668
002060,2018-12-31,0.167
002061,2018-12-31,0.91
002062,2018-12-31,0.27
002063,2018-12-31,0.2292
002064,2018-12-31,0.27
002065,2018-12-31,0.2575
002066,2018-12-31,0.0748
002067,2018-12-31,0.3
002068,2018-12-31,0.5518
002069,2018-12-31,0.05
002070,2018-12-31,-0.902
002071,2018-12-31,-0.79
002073,2018-12-31,-0.3347
002074,2018-12-31,0.51
002075,2018-12-31,0.533
002076,2018-12-31,-1.09
002077,2018-12-31,-0.98
002078,2018-12-31,0.86
002079,2018-12-31,0.1299
002080,2018-12-31,0.7237
002081,2018-12-31,0.8
002082,2018-12-31,0.35
002083,2018-12-31,0.48
002084,2018-12-31,0.0828
002085,2018-12-31,0.44
002086,2018-12-31,-1.083
002087,2018-12-31,0.4731
002088,2018-12-31,0.85
002089,2018-12-31,-0.37
002090,2018-12-31,0.3871
002091,2018-12-31,0.65
002092,2018-12-31,1.0826
002093,2018-12-31,0.1309
002094,2018-12-31,0.15
002095,2018-12-31,0.14
002096,2018-12-31,0.06
002097,2018-12-31,0.4065
002098,2018-12-31,-1.81
002099,2018-12-31,0.38
002100,2018-12-31,0.33
002101,2018-12-31,0.63
002102,2018-12-31,-1.0299
002103,2018-12-31,-1.25
002104,2018-12-31,0.205
002105,2018-12-31,0.03
002106,2018-12-31,0.3187
002108,2018-12-31,0.2101
002109,2018-12-31,0.2261
002110,2018-12-31,3.98
002111,2018-12-31,0.62
002112,2018-12-31,0.03
002113,2018-12-31,-0.2458
002115,2018-12-31,0.3986
002116,2018-12-31,0.51
002117,2018-12-31,0.7058
002120,2018-12-31,1.6
002121,2018-12-31,-0.8663
002122,2018-12-31,-0.53
002123,2018-12-31,0.1
002124,2018-12-31,-0.49
002125,2018-12-31,0.2
002126,2018-12-31,0.44
002127,2018-12-31,0.36
002128,2018-12-31,1.24
002129,2018-12-31,0.2339
002130,2018-12-31,0.02
002131,2018-12-31,-0.33
002132,2018-12-31,-0.11
002133,2018-12-31,0.43
002135,2018-12-31,0.17
002136,2018-12-31,0.2144
002137,2018-12-31,-0.6418
002138,2018-12-31,0.59
002139,2018-12-31,0.22
002140,2018-12-31,0.33
002141,2018-12-31,0.0062
002142,2018-12-31,2.15
002143,2018-12-31,-1.02
002145,2018-12-31,0.2548
002146,2018-12-31,1.74
002148,2018-12-31,0.07
002149,2018-12-31,0.1418
002150,2018-12-31,0.44
002151,2018-12-31,0.21
002152,2018-12-31,0.28
002153,2018-12-31,0.43
002154,2018-12-31,0.04
002155,2018-12-31,0.22
002156,2018-12-31,0.11
002157,2018-12-31,0.08
002158,2018-12-31,0.3821
002159,2018-12-31,0.97
002160,2018-12-31,-0.594
002161,2018-12-31,-0.242
002162,2018-12-31,0.0285
002163,2018-12-31,0.04
002164,2018-12-31,-4
002165,2018-12-31,0.05
002167,2018-12-31,0.02
002168,2018-12-31,0.43
002169,2018-12-31,0.1002
002170,2018-12-31,0.0104
002171,2018-12-31,0.386
002172,2018-12-31,0.01
002173,2018-12-31,0.07
002174,2018-12-31,1.15
002175,2018-12-31,-1.3505
002176,2018-12-31,-1.13
002178,2018-12-31,-0.4
002179,2018-12-31,1.2165
002180,2018-12-31,0.8986
002182,2018-12-31,0.5097
002183,2018-12-31,0.09
002184,2018-12-31,-0.667
002185,2018-12-31,0.1829
002186,2018-12-31,0.2368
002188,2018-12-31,-2.17
002189,2018-12-31,0.68
002190,2018-12-31,-0.5723
002191,2018-12-31,0.49
002192,2018-12-31,-0.0271
002193,2018-12-31,0.38
002194,2018-12-31,0.33
002195,2018-12-31,0.32
002196,2018-12-31,-1.01
002197,2018-12-31,-0.47
002200,2018-12-31,-1.387
002202,2018-12-31,0.8844
002203,2018-12-31,0.5216
002204,2018-12-31,0.01
002205,2018-12-31,0.0288
002206,2018-12-31,0.29
002207,2018-12-31,-1.42
002208,2018-12-31,0.7734
002209,2018-12-31,0.053
002210,2018-12-31,-1.34
002211,2018-12-31,0.0257
002212,2018-12-31,0.42
002214,2018-12-31,0.12
002215,2018-12-31,0.3601
002216,2018-12-31,0.13
002217,2018-12-31,0.43
002218,2018-12-31,0.07
002219,2018-12-31,-0.7601
002220,2018-12-31,-0.22
002221,2018-12-31,0.6642
002222,2018-12-31,0.3518
002223,2018-12-31,0.73
002224,2018-12-31,0.13
002225,2018-12-31,0.25
002226,2018-12-31,0.1757
002227,2018-12-31,0.0472
002228,2018-12-31,0.2
002229,2018-12-31,0.0103
002230,2018-12-31,0.27
002231,2018-12-31,-0.3724
002232,2018-12-31,0.1766
002233,2018-12-31,1.4457
002234,2018-12-31,1.26
002235,2018-12-31,0.1211
002236,2018-12-31,0.87
002237,2018-12-31,0.45
002238,2018-12-31,0.32
002239,2018-12-31,0.01
002240,2018-12-31,0.22
002241,2018-12-31,0.27
002242,2018-12-31,0.99
002243,2018-12-31,0.296
002244,2018-12-31,0.39
002245,2018-12-31,0.2299
002246,2018-12-31,0.23
002247,2018-12-31,-3.41
002249,2018-12-31,-1
002250,2018-12-31,0.04
002251,2018-12-31,0.1801
002252,2018-12-31,-0.31
002253,2018-12-31,0.24
002254,2018-12-31,0.26
002255,2018-12-31,-0.2002
002256,2018-12-31,-0.11
002258,2018-12-31,1.1019
002259,2018-12-31,-0.237
002260,2018-12-31,-0.65
002261,2018-12-31,-1.24
002262,2018-12-31,0.5173
002264,2018-12-31,0.03
002266,2018-12-31,0.06
002267,2018-12-31,0.3592
002268,2018-12-31,0.1434
002269,2018-12-31,0.02
002270,2018-12-31,0.22
002271,2018-12-31,1.01
002273,2018-12-31,0.55
002274,2018-12-31,0.2237
002275,2018-12-31,0.7
002276,2018-12-31,0.11
002277,2018-12-31,0.324
002279,2018-12-31,-1.1838
002280,2018-12-31,-0.31
002281,2018-12-31,0.53
002282,2018-12-31,0.2
002283,2018-12-31,0.3
002284,2018-12-31,0.01
002285,2018-12-31,0.2
002286,2018-12-31,0.12
002287,2018-12-31,0.7851
002288,2018-12-31,0.037
002289,2018-12-31,-0.5506
002290,2018-12-31,0.26
002291,2018-12-31,0.02
002292,2018-12-31,-1.2
002293,2018-12-31,0.7237
002294,2018-12-31,1.39
002295,2018-12-31,0.1907
002296,2018-12-31,0.0736
002297,2018-12-31,0.06
002298,2018-12-31,0.2505
002299,2018-12-31,1.2146
002301,2018-12-31,0.3
002302,2018-12-31,0.24
002303,2018-12-31,0.2608
002304,2018-12-31,5.385
002305,2018-12-31,0.05
002307,2018-12-31,0.06
002308,2018-12-31,0.17
002309,2018-12-31,-0.33
002310,2018-12-31,0.59
002311,2018-12-31,0.9
002312,2018-12-31,-0.1588
002313,2018-12-31,0.23
002314,2018-12-31,0.19
002315,2018-12-31,0.24
002316,2018-12-31,0.2544
002317,2018-12-31,0.54
002318,2018-12-31,0.36
002320,2018-12-31,0.32
002321,2018-12-31,0.223
002322,2018-12-31,0.66
002323,2018-12-31,-0.6168
002324,2018-12-31,0.18
002325,2018-12-31,-0.3377
002326,2018-12-31,0.54
002327,2018-12-31,0.65
002329,2018-12-31,-0.74
002330,2018-12-31,0.016
002331,2018-12-31,0.2745
002332,2018-12-31,0.33
002334,2018-12-31,0.2972
002335,2018-12-31,0.27
002338,2018-12-31,0.17
002339,2018-12-31,0.19
002340,2018-12-31,0.19
002341,2018-12-31,0.2744
002342,2018-12-31,0.0186
002343,2018-12-31,-2.3
002344,2018-12-31,0.28
002345,2018-12-31,0.08
002347,2018-12-31,0.0446
002348,2018-12-31,0.01
002349,2018-12-31,0.2756
002350,2018-12-31,0.2138
002352,2018-12-31,1.03
002353,2018-12-31,0.64
002354,2018-12-31,-7.6711
002355,2018-12-31,-0.44
002356,2018-12-31,-3.0594
002357,2018-12-31,0.12
002358,2018-12-31,0.3
002359,2018-12-31,-1.02
002361,2018-12-31,0.09
002362,2018-12-31,0.0737
002363,2018-12-31,0.19
002364,2018-12-31,0.14
002365,2018-12-31,0.6135
002366,2018-12-31,0.39
002367,2018-12-31,0.0195
002368,2018-12-31,0.7826
002369,2018-12-31,-0.16
002370,2018-12-31,0.39
002371,2018-12-31,0.5102
002372,2018-12-31,0.75
002373,2018-12-31,0.54
002374,2018-12-31,-0.9
002375,2018-12-31,0.28
002376,2018-12-31,0.58
002377,2018-12-31,0.34
002378,2018-12-31,0.05
002380,2018-12-31,0.47
002381,2018-12-31,0.37
002382,2018-12-31,0.47
002383,2018-12-31,0.2575
002384,2018-12-31,0.5
002385,2018-12-31,0.12
002386,2018-12-31,0.2164
002387,2018-12-31,0.0284
002389,2018-12-31,0.26
002390,2018-12-31,-0.8
002391,2018-12-31,0.8886
002392,2018-12-31,0.28
002394,2018-12-31,1.21
002395,2018-12-31,0.1244
002396,2018-12-31,0.9966
002397,2018-12-31,0.11
002398,2018-12-31,0.36
002399,2018-12-31,0.4941
002400,2018-12-31,0.11
002402,2018-12-31,0.2649
002403,2018-12-31,0.42
002404,2018-12-31,0.25
002405,2018-12-31,0.3755
002406,2018-12-31,0.48
002407,2018-12-31,0.1
002408,2018-12-31,0.47
002409,2018-12-31,0.314
002410,2018-12-31,0.3923
002411,2018-12-31,0.2638
002412,2018-12-31,0.4984
002413,2018-12-31,0.12
002414,2018-12-31,0.2116
002415,2018-12-31,1.24
002416,2018-12-31,-0.0748
002417,2018-12-31,-0.18
002418,2018-12-31,-1.08
002419,2018-12-31,0.7535
002421,2018-12-31,0.1137
002422,2018-12-31,0.85
002423,2018-12-31,-0.2241
002424,2018-12-31,0.4
002425,2018-12-31,0.34
002426,2018-12-31,-0.2346
002427,2018-12-31,-2.63
002428,2018-12-31,0.01
002429,2018-12-31,0.0984
002430,2018-12-31,0.77
002431,2018-12-31,0.03
002433,2018-12-31,0.35
002434,2018-12-31,0.26
002435,2018-12-31,0.44
002436,2018-12-31,0.14
002437,2018-12-31,0.0573
002438,2018-12-31,0.2142
002439,2018-12-31,0.63
002440,2018-12-31,1.14
002441,2018-12-31,0.38
002443,2018-12-31,0.37
002444,2018-12-31,0.67
002445,2018-12-31,-1.5
002446,2018-12-31,0.16
002447,2018-12-31,-0.45
002448,2018-12-31,0.46
002449,2018-12-31,0.7204
002450,2018-12-31,0.13
002451,2018-12-31,0.02
002452,2018-12-31,-0.465
002453,2018-12-31,0.04
002454,2018-12-31,0.28
002455,2018-12-31,0.2
002456,2018-12-31,-0.1934
002457,2018-12-31,0.22
002458,2018-12-31,1.08
002459,2018-12-31,0.01
002460,2018-12-31,1.07
002461,2018-12-31,0.17
002462,2018-12-31,1.31
002463,2018-12-31,0.3407
002464,2018-12-31,0.31
002465,2018-12-31,0.19
002466,2018-12-31,1.93
002467,2018-12-31,0.11
002468,2018-12-31,1.34
002469,2018-12-31,0.08
002470,2018-12-31,0.13
002472,2018-12-31,0.29
002473,2018-12-31,0.0755
002474,2018-12-31,0.056
002475,2018-12-31,0.66
002477,2018-12-31,-1.23
002478,2018-12-31,0.49
002479,2018-12-31,0.15
002480,2018-12-31,0.0203
002481,2018-12-31,0.07
002482,2018-12-31,0.23
002483,2018-12-31,0.1
002484,2018-12-31,0.2988
002485,2018-12-31,0.2369
002486,2018-12-31,0.0211
002487,2018-12-31,0.11
002488,2018-12-31,0.16
002489,2018-12-31,-0.05
002490,2018-12-31,0.1159
002491,2018-12-31,0.4333
002492,2018-12-31,0.1422
002493,2018-12-31,0.27
002494,2018-12-31,0.0437
002496,2018-12-31,-0.36
002497,2018-12-31,0.19
002498,2018-12-31,0.07
002499,2018-12-31,-2.98
002500,2018-12-31,0.08
002501,2018-12-31,-3.33
002502,2018-12-31,-1.49
002503,2018-12-31,0.12
002504,2018-12-31,0.0074
002505,2018-12-31,-0.1249
002506,2018-12-31,0.009
002507,2018-12-31,0.84
002508,2018-12-31,1.55
002509,2018-12-31,-0.18
002510,2018-12-31,0.24
002511,2018-12-31,0.32
002512,2018-12-31,-1.5903
002513,2018-12-31,-2.57
002514,2018-12-31,0.1702
002515,2018-12-31,-0.01
002516,2018-12-31,0.1544
002517,2018-12-31,0.08
002518,2018-12-31,0.4
002519,2018-12-31,-1.03
002520,2018-12-31,0.27
002521,2018-12-31,0.12
002522,2018-12-31,0.04
002523,2018-12-31,0.08
002527,2018-12-31,-0.42
002528,2018-12-31,0.1237
002529,2018-12-31,-0.6735
002530,2018-12-31,0.37
002531,2018-12-31,0.26
002532,2018-12-31,0.26
002533,2018-12-31,0.24
002534,2018-12-31,0.33
002535,2018-12-31,-0.18
002536,2018-12-31,0.74
002537,2018-12-31,0.11
002538,2018-12-31,0.42
002539,2018-12-31,0.17
002540,2018-12-31,0.296
002541,2018-12-31,0.79
002542,2018-12-31,0.12
002543,2018-12-31,0.85
002544,2018-12-31,0.02
002545,2018-12-31,0.3458
002546,2018-12-31,0.19
002547,2018-12-31,0.04
002548,2018-12-31,-0.75
002549,2018-12-31,0.1505
002550,2018-12-31,0.17
002551,2018-12-31,0.1467
002552,2018-12-31,0.09
002553,2018-12-31,0.2591
002554,2018-12-31,-0.47
002555,2018-12-31,0.47
002556,2018-12-31,0.19
002557,2018-12-31,0.854
002558,2018-12-31,0.53
002559,2018-12-31,0.301
002560,2018-12-31,-0.03
002561,2018-12-31,0.56
002562,2018-12-31,0.03
002563,2018-12-31,0.63
002564,2018-12-31,0.09
002565,2018-12-31,0.14
002566,2018-12-31,0.2087
002567,2018-12-31,0.16
002568,2018-12-31,0.2
002569,2018-12-31,-1.38
002570,2018-12-31,0.04
002572,2018-12-31,1.04
002573,2018-12-31,0.4855
002574,2018-12-31,0.17
002577,2018-12-31,0.03
002578,2018-12-31,0.04
002579,2018-12-31,0.22
002580,2018-12-31,0.05
002581,2018-12-31,-0.1452
002582,2018-12-31,0.25
002583,2018-12-31,0.26
002584,2018-12-31,0.12
002585,2018-12-31,0.2779
002586,2018-12-31,0.23
002587,2018-12-31,0.29
002588,2018-12-31,0.17
002589,2018-12-31,0.517
002590,2018-12-31,-0.07
002591,2018-12-31,0.1137
002592,2018-12-31,0.03
002593,2018-12-31,0.11
002594,2018-12-31,0.93
002595,2018-12-31,0.9239
002596,2018-12-31,0.12
002597,2018-12-31,1.62
002598,2018-12-31,0.2693
002599,2018-12-31,0.38
002600,2018-12-31,-0.1
002601,2018-12-31,1.15
002602,2018-12-31,0.43
002603,2018-12-31,0.5
002604,2018-12-31,-4.68
002605,2018-12-31,0.3266
002606,2018-12-31,-0.05
002607,2018-12-31,0.22
002608,2018-12-31,0.72
002609,2018-12-31,0.15
002610,2018-12-31,0.028
002611,2018-12-31,-2.11
002612,2018-12-31,0.5261
002613,2018-12-31,0.0397
002614,2018-12-31,0.79
002615,2018-12-31,0.24
002616,2018-12-31,0.2249
002617,2018-12-31,-0.88
002618,2018-12-31,0.05
002619,2018-12-31,0.36
002620,2018-12-31,0.41
002621,2018-12-31,0.09
002622,2018-12-31,0.04
002623,2018-12-31,0.5
002624,2018-12-31,1.3
002625,2018-12-31,0.03
002626,2018-12-31,1.11
002627,2018-12-31,0.3018
002628,2018-12-31,0.03
002629,2018-12-31,-1.5
002630,2018-12-31,-0.1204
002631,2018-12-31,0.16
002632,2018-12-31,0.33
002634,2018-12-31,0.04
002635,2018-12-31,0.73
002636,2018-12-31,0.402
002637,2018-12-31,0.43
002638,2018-12-31,-0.82
002639,2018-12-31,0.02
002640,2018-12-31,0.41
002641,2018-12-31,0.22
002642,2018-12-31,-2.0569
002643,2018-12-31,0.49
002644,2018-12-31,0.1455
002645,2018-12-31,0.4411
002646,2018-12-31,0.2391
002647,2018-12-31,0.09
002648,2018-12-31,0.89
002649,2018-12-31,0.422
002650,2018-12-31,0.1
002651,2018-12-31,0.12
002652,2018-12-31,0.08
002653,2018-12-31,0.31
002654,2018-12-31,-1.2946
002655,2018-12-31,0.06
002656,2018-12-31,0.0391
002657,2018-12-31,0.02
002658,2018-12-31,0.3
002659,2018-12-31,-0.2
002661,2018-12-31,0.563
002662,2018-12-31,0.06
002663,2018-12-31,0.02
002664,2018-12-31,0.65
002665,2018-12-31,-0.2521
002666,2018-12-31,0.19
002667,2018-12-31,0.05
002668,2018-12-31,-1.76
002669,2018-12-31,0.34
002670,2018-12-31,-0.2807
002671,2018-12-31,-0.2
002672,2018-12-31,0.47
002673,2018-12-31,0.0572
002674,2018-12-31,0.3831
002675,2018-12-31,0.3699
002677,2018-12-31,0.59
002678,2018-12-31,0.13
002681,2018-12-31,-0.37
002682,2018-12-31,0.3
002683,2018-12-31,0.3051
002684,2018-12-31,-4.89
002685,2018-12-31,0.3055
002686,2018-12-31,0.0581
002687,2018-12-31,0.32
002688,2018-12-31,0.26
002689,2018-12-31,0.009
002690,2018-12-31,0.6625
002693,2018-12-31,-0.17
002694,2018-12-31,-0.2
002695,2018-12-31,0.34
002696,2018-12-31,0.1445
002697,2018-12-31,0.24
002698,2018-12-31,0.2671
002699,2018-12-31,-0.25
002701,2018-12-31,0.1
002702,2018-12-31,0.0726
002705,2018-12-31,0.6188
002706,2018-12-31,0.28
002707,2018-12-31,0.028
002709,2018-12-31,1.35
002711,2018-12-31,-3.96
002712,2018-12-31,0.05
002713,2018-12-31,0.97
002714,2018-12-31,0.17
002716,2018-12-31,0.12
002717,2018-12-31,0.77
002718,2018-12-31,1.19
002719,2018-12-31,-0.8851
002721,2018-12-31,-0.07
002726,2018-12-31,0.23
002727,2018-12-31,0.9177
002730,2018-12-31,0.18
002732,2018-12-31,0.27
002733,2018-12-31,0.27
002734,2018-12-31,0.74
002735,2018-12-31,0.59
002736,2018-12-31,0.38
002737,2018-12-31,0.96
002738,2018-12-31,0.5231
002739,2018-12-31,0.735
002740,2018-12-31,0.06
002741,2018-12-31,0.36
002742,2018-12-31,0.26
002743,2018-12-31,0.25
002745,2018-12-31,0.6
002746,2018-12-31,1.3
002747,2018-12-31,0.12
002749,2018-12-31,1.0823
002751,2018-12-31,0.54
002752,2018-12-31,0.05
002753,2018-12-31,0.8341
002755,2018-12-31,0.89
002756,2018-12-31,1.08
002757,2018-12-31,1.3464
002758,2018-12-31,0.16
002759,2018-12-31,0.19
002760,2018-12-31,0.35
002761,2018-12-31,0.14
002762,2018-12-31,0.11
002763,2018-12-31,0.43
002765,2018-12-31,0.01
002766,2018-12-31,-0.74
002767,2018-12-31,0.17
002768,2018-12-31,1.16
002769,2018-12-31,0.28
002770,2018-12-31,0.12
002771,2018-12-31,0.26
002772,2018-12-31,0.31
002773,2018-12-31,1.04
002775,2018-12-31,0.5265
002776,2018-12-31,0.54
002777,2018-12-31,0.69
002778,2018-12-31,0.2
002780,2018-12-31,0.04
002781,2018-12-31,0.75
002783,2018-12-31,0.24
002787,2018-12-31,0.18
002788,2018-12-31,0.94
002789,2018-12-31,0.67
002790,2018-12-31,0.63
002791,2018-12-31,0.54
002792,2018-12-31,0.2
002793,2018-12-31,0.56
002795,2018-12-31,0.41
002796,2018-12-31,0.48
002797,2018-12-31,0.036
002798,2018-12-31,1.01
002800,2018-12-31,0.08
002801,2018-12-31,0.83
002802,2018-12-31,0.68
002803,2018-12-31,1.08
002805,2018-12-31,0.17
002806,2018-12-31,0.54
002807,2018-12-31,0.4851
002809,2018-12-31,0.57
002810,2018-12-31,0.6401
002811,2018-12-31,0.63
002812,2018-12-31,1.21
002813,2018-12-31,0.14
002815,2018-12-31,0.6792
002816,2018-12-31,0.06
002818,2018-12-31,1.67
002820,2018-12-31,0.41
002821,2018-12-31,1.88
002822,2018-12-31,0.28
002823,2018-12-31,0.39
002824,2018-12-31,0.1
002825,2018-12-31,0.44
002826,2018-12-31,0.13
002827,2018-12-31,0.33
002828,2018-12-31,0.23
002829,2018-12-31,0.12
002830,2018-12-31,0.34
002831,2018-12-31,2.364
002832,2018-12-31,1.61
002833,2018-12-31,2
002837,2018-12-31,0.52
002838,2018-12-31,0.49
002839,2018-12-31,0.46
002840,2018-12-31,0.56
002841,2018-12-31,1.55
002842,2018-12-31,0.63
002843,2018-12-31,0.4
002845,2018-12-31,0.49
002847,2018-12-31,0.57
002849,2018-12-31,0.48
002850,2018-12-31,0.39
002851,2018-12-31,0.7236
002852,2018-12-31,0.76
002853,2018-12-31,0.91
002855,2018-12-31,0.12
002856,2018-12-31,0.22
002858,2018-12-31,0.3
002859,2018-12-31,1.08
002860,2018-12-31,0.8372
002861,2018-12-31,0.53
002862,2018-12-31,0.4
002863,2018-12-31,0.17
002864,2018-12-31,0.75
002865,2018-12-31,0.35
002866,2018-12-31,0.39
002867,2018-12-31,1.68
002868,2018-12-31,0.62
002869,2018-12-31,0.18
002871,2018-12-31,0.67
002872,2018-12-31,0.35
002873,2018-12-31,0.6061
002875,2018-12-31,0.63
002876,2018-12-31,0.35
002877,2018-12-31,0.3
002878,2018-12-31,0.73
002879,2018-12-31,0.66
002880,2018-12-31,1.45
002882,2018-12-31,0.5687
002883,2018-12-31,0.66
002886,2018-12-31,0.2979
002887,2018-12-31,0.95
002889,2018-12-31,0.98
002890,2018-12-31,0.42
002891,2018-12-31,0.56
002893,2018-12-31,0.36
002896,2018-12-31,0.91
002897,2018-12-31,0.46
002898,2018-12-31,0.3807
002899,2018-12-31,0.52
002900,2018-12-31,0.65
002901,2018-12-31,0.93
002902,2018-12-31,0.18
002905,2018-12-31,0.59
002906,2018-12-31,0.04
002907,2018-12-31,0.3434
002908,2018-12-31,0.5413
002909,2018-12-31,0.11
002910,2018-12-31,0.34
002911,2018-12-31,0.65
002912,2018-12-31,1.92
002913,2018-12-31,1.66
002915,2018-12-31,0.3228
002916,2018-12-31,2.49
002917,2018-12-31,0.58
002918,2018-12-31,1.53
002920,2018-12-31,0.76
002925,2018-12-31,1.81
002926,2018-12-31,0.33
002928,2018-12-31,0.6285
002929,2018-12-31,0.97
002930,2018-12-31,0.45
002932,2018-12-31,1.08
002933,2018-12-31,1.45
002935,2018-12-31,1.0921
002938,2018-12-31,1.3
002942,2018-12-31,1.38
002943,2018-12-31,1.28
002946,2018-12-31,0.32
200625,2018-12-31,0.14
300001,2018-12-31,0.18
300002,2018-12-31,0.0409
300003,2018-12-31,0.684
300004,2018-12-31,-2.04
300005,2018-12-31,-0.2046
300006,2018-12-31,0.121
300007,2018-12-31,0.21
300008,2018-12-31,-1.9566
300009,2018-12-31,0.26
300010,2018-12-31,-1.5981
300011,2018-12-31,-1.0322
300012,2018-12-31,0.16
300013,2018-12-31,0.22
300014,2018-12-31,0.67
300015,2018-12-31,0.4256
300016,2018-12-31,0.3
300017,2018-12-31,0.33
300018,2018-12-31,-0.93
300019,2018-12-31,0.1968
300020,2018-12-31,0.04
300021,2018-12-31,0.13
300022,2018-12-31,0.0275
300023,2018-12-31,-1.82
300024,2018-12-31,0.288
300025,2018-12-31,0.0255
300026,2018-12-31,0.07
300027,2018-12-31,-0.42
300030,2018-12-31,-0.44
300031,2018-12-31,0.6923
300032,2018-12-31,-2.99
300033,2018-12-31,1.18
300034,2018-12-31,0.2516
300035,2018-12-31,0.2517
300036,2018-12-31,0.37
300037,2018-12-31,0.86
300038,2018-12-31,0.5408
300039,2018-12-31,0.2117
300040,2018-12-31,0.13
300041,2018-12-31,0.279
300043,2018-12-31,0.19
300044,2018-12-31,0.0967
300045,2018-12-31,0.1975
300046,2018-12-31,0.4025
300047,2018-12-31,0.54
300048,2018-12-31,-0.22
300049,2018-12-31,0.13
300050,2018-12-31,0.1
300051,2018-12-31,-0.94
300052,2018-12-31,0.14
300053,2018-12-31,0.139
300054,2018-12-31,0.31
300055,2018-12-31,-0.0917
300056,2018-12-31,-1.11
300057,2018-12-31,0.2771
300058,2018-12-31,0.18
300059,2018-12-31,0.1858
300061,2018-12-31,-1.16
300062,2018-12-31,0.05
300063,2018-12-31,-1.2468
300064,2018-12-31,0.0799
300065,2018-12-31,0.2889
300066,2018-12-31,0.094
300067,2018-12-31,0.1917
300068,2018-12-31,0.28
300069,2018-12-31,-1.53
300070,2018-12-31,0.4
300071,2018-12-31,-1.13
300072,2018-12-31,0.216
300073,2018-12-31,0.7545
300074,2018-12-31,0.0276
300075,2018-12-31,0.28
300076,2018-12-31,0.04
300077,2018-12-31,-2.88
300078,2018-12-31,0.18
300079,2018-12-31,0.0608
300080,2018-12-31,-0.5857
300081,2018-12-31,0.3739
300082,2018-12-31,0.48
300083,2018-12-31,-2.01
300084,2018-12-31,0.1714
300085,2018-12-31,0.0506
300086,2018-12-31,0.0297
300087,2018-12-31,0.16
300088,2018-12-31,0.31
300089,2018-12-31,0.43
300090,2018-12-31,-2.3583
300091,2018-12-31,0.0884
300093,2018-12-31,0.07
300094,2018-12-31,0.29
300095,2018-12-31,-0.2642
300096,2018-12-31,0.034
300097,2018-12-31,0.43
300098,2018-12-31,0.31
300099,2018-12-31,0.1456
300100,2018-12-31,-0.1
300101,2018-12-31,0.0291
300102,2018-12-31,0.26
300103,2018-12-31,0.0605
300104,2018-12-31,-1.0266
300106,2018-12-31,0.09
300107,2018-12-31,1.1996
300109,2018-12-31,0.41
300110,2018-12-31,0.0337
300111,2018-12-31,-1.02
300113,2018-12-31,0.46
300114,2018-12-31,0.26
300115,2018-12-31,0.0423
300116,2018-12-31,-1.61
300117,2018-12-31,0.08
300118,2018-12-31,0.26
300119,2018-12-31,0.2941
300120,2018-12-31,0.3486
300121,2018-12-31,1.01
300122,2018-12-31,0.9071
300123,2018-12-31,0.28
300124,2018-12-31,0.71
300127,2018-12-31,0.48
300128,2018-12-31,-0.7526
300129,2018-12-31,0.0146
300130,2018-12-31,0.52
300131,2018-12-31,0.13
300132,2018-12-31,1.0374
300133,2018-12-31,0.12
300134,2018-12-31,0.03
300136,2018-12-31,1.0069
300137,2018-12-31,0.47
300138,2018-12-31,0.2833
300140,2018-12-31,0.0865
300141,2018-12-31,0.03
300142,2018-12-31,0.6805
300143,2018-12-31,0.09
300144,2018-12-31,0.89
300145,2018-12-31,0.22
300146,2018-12-31,0.69
300147,2018-12-31,0.09
300148,2018-12-31,-1.32
300149,2018-12-31,0.35
300150,2018-12-31,0.15
300152,2018-12-31,-0.6674
300153,2018-12-31,0.0564
300154,2018-12-31,0.24
300155,2018-12-31,0.05
300156,2018-12-31,-1.48
300157,2018-12-31,0.04
300158,2018-12-31,-0.1424
300159,2018-12-31,0.2
300160,2018-12-31,-0.39
300161,2018-12-31,0.0966
300162,2018-12-31,-0.1
300164,2018-12-31,0.23
300165,2018-12-31,0.08
300166,2018-12-31,0.5
300167,2018-12-31,-0.5393
300168,2018-12-31,0.2189
300169,2018-12-31,0.05
300170,2018-12-31,0.44
300171,2018-12-31,0.11
300172,2018-12-31,0.24
300173,2018-12-31,-1.42
300174,2018-12-31,0.3376
300175,2018-12-31,0.1242
300176,2018-12-31,0.9545
300177,2018-12-31,0.217
300178,2018-12-31,0.28
300179,2018-12-31,0.1308
300180,2018-12-31,0.26
300181,2018-12-31,0.03
300182,2018-12-31,0.0367
300183,2018-12-31,0.3814
300184,2018-12-31,0.5423
300185,2018-12-31,0.07
300187,2018-12-31,-0.26
300188,2018-12-31,0.38
300189,2018-12-31,0.0199
300190,2018-12-31,0.29
300191,2018-12-31,0.09
300192,2018-12-31,0.12
300193,2018-12-31,0.38
300194,2018-12-31,-0.3
300195,2018-12-31,0.23
300196,2018-12-31,0.63
300197,2018-12-31,0.13
300198,2018-12-31,-0.385
300199,2018-12-31,-0.37
300200,2018-12-31,0.32
300201,2018-12-31,0.0959
300202,2018-12-31,-0.24
300203,2018-12-31,1.33
300204,2018-12-31,0.28
300205,2018-12-31,0.2349
300206,2018-12-31,0.1584
300207,2018-12-31,0.48
300209,2018-12-31,0.0836
300210,2018-12-31,-0.2
300211,2018-12-31,0.0165
300212,2018-12-31,0.7346
300213,2018-12-31,0.22
300214,2018-12-31,0.24
300215,2018-12-31,0.17
300216,2018-12-31,-6.82
300217,2018-12-31,0.114
300218,2018-12-31,0.1062
300219,2018-12-31,0.29
300220,2018-12-31,0.06
300221,2018-12-31,-1.6
300222,2018-12-31,0.55
300223,2018-12-31,0.0674
300224,2018-12-31,-0.1
300225,2018-12-31,0.024
300226,2018-12-31,0.7596
300227,2018-12-31,0.31
300228,2018-12-31,0.03
300229,2018-12-31,0.1295
300230,2018-12-31,0.4752
300231,2018-12-31,0.2697
300232,2018-12-31,0.54
300233,2018-12-31,0.67
300234,2018-12-31,-0.25
300235,2018-12-31,0.07
300236,2018-12-31,0.0344
300237,2018-12-31,0.26
300238,2018-12-31,0.17
300239,2018-12-31,0.0737
300240,2018-12-31,0.04
300241,2018-12-31,0.164
300242,2018-12-31,-1.9722
300243,2018-12-31,0.44
300244,2018-12-31,0.71
300245,2018-12-31,0.19
300246,2018-12-31,0.4394
300247,2018-12-31,-0.99
300248,2018-12-31,0.2
300249,2018-12-31,0.0878
300250,2018-12-31,-1.32
300251,2018-12-31,0.47
300252,2018-12-31,0.23
300253,2018-12-31,0.1897
300254,2018-12-31,0.0348
300255,2018-12-31,0.15
300256,2018-12-31,-1.76
300257,2018-12-31,0.14
300258,2018-12-31,0.6387
300259,2018-12-31,0.13
300260,2018-12-31,0.19
300261,2018-12-31,0.1667
300262,2018-12-31,0.1837
300263,2018-12-31,0.1514
300264,2018-12-31,0.0257
300265,2018-12-31,0.11
300266,2018-12-31,-0.81
300267,2018-12-31,0.105
300268,2018-12-31,0.18
300269,2018-12-31,-4.73
300270,2018-12-31,-0.11
300271,2018-12-31,0.67
300272,2018-12-31,0.73
300273,2018-12-31,0.13
300274,2018-12-31,0.56
300275,2018-12-31,-0.363
300278,2018-12-31,0.04
300279,2018-12-31,-1.5861
300280,2018-12-31,0.57
300281,2018-12-31,0.0474
300282,2018-12-31,0.46
300284,2018-12-31,0.77
300285,2018-12-31,0.87
300286,2018-12-31,0.45
300287,2018-12-31,-1.37
300288,2018-12-31,0.31
300289,2018-12-31,0.1
300290,2018-12-31,0.0614
300291,2018-12-31,-4.2063
300292,2018-12-31,-0.91
300293,2018-12-31,0.06
300294,2018-12-31,1.11
300295,2018-12-31,0.5
300296,2018-12-31,0.5
300297,2018-12-31,0.34
300298,2018-12-31,0.5567
300299,2018-12-31,0.08
300300,2018-12-31,0.18
300301,2018-12-31,-0.1985
300302,2018-12-31,0.048
300303,2018-12-31,0.13
300304,2018-12-31,0.16
300306,2018-12-31,-1.69
300307,2018-12-31,0.17
300308,2018-12-31,1.36
300309,2018-12-31,0.22
300310,2018-12-31,-2.21
300311,2018-12-31,0.32
300312,2018-12-31,-1.381
300313,2018-12-31,-7.09
300314,2018-12-31,0.1
300315,2018-12-31,-1.14
300316,2018-12-31,0.46
300317,2018-12-31,-2.3694
300318,2018-12-31,0.0848
300319,2018-12-31,0.19
300320,2018-12-31,0.29
300321,2018-12-31,0.3243
300322,2018-12-31,0.15
300323,2018-12-31,0.24
300324,2018-12-31,0.0256
300325,2018-12-31,-0.1
300326,2018-12-31,0.6448
300327,2018-12-31,0.7307
300328,2018-12-31,0.1199
300329,2018-12-31,0.2166
300330,2018-12-31,-0.11
300332,2018-12-31,0.1
300333,2018-12-31,0.0364
300334,2018-12-31,0.04
300335,2018-12-31,0.45
300336,2018-12-31,0.04
300337,2018-12-31,-0.09
300338,2018-12-31,0.29
300339,2018-12-31,0.4
300340,2018-12-31,0.2521
300342,2018-12-31,0.23
300343,2018-12-31,-3.31
300344,2018-12-31,0.1024
300345,2018-12-31,-0.65
300346,2018-12-31,0.1876
300347,2018-12-31,0.944
300348,2018-12-31,0.1836
300349,2018-12-31,1.17
300350,2018-12-31,-1.16
300351,2018-12-31,-1.19
300352,2018-12-31,0.0593
300353,2018-12-31,0.1836
300354,2018-12-31,0.127
300355,2018-12-31,0.13
300356,2018-12-31,0.0574
300357,2018-12-31,0.8006
300358,2018-12-31,0.09
300359,2018-12-31,-1.04
300360,2018-12-31,0.33
300362,2018-12-31,-4.175
300363,2018-12-31,0.26
300364,2018-12-31,-1.9912
300365,2018-12-31,0.68
300366,2018-12-31,-0.735
300367,2018-12-31,0.3697
300368,2018-12-31,0.0887
300369,2018-12-31,0.21
300370,2018-12-31,-0.5752
300371,2018-12-31,0.6881
300373,2018-12-31,0.4
300374,2018-12-31,0.29
300375,2018-12-31,0.33
300376,2018-12-31,0.24
300377,2018-12-31,0.2395
300378,2018-12-31,0.3
300379,2018-12-31,0.44
300381,2018-12-31,0.2791
300382,2018-12-31,0.24
300383,2018-12-31,0.46
300384,2018-12-31,0.3555
300385,2018-12-31,0.3329
300386,2018-12-31,0.32
300387,2018-12-31,0.25
300388,2018-12-31,0.52
300389,2018-12-31,0.7574
300390,2018-12-31,0.15
300391,2018-12-31,0.4423
300392,2018-12-31,0.04
300393,2018-12-31,0.53
300394,2018-12-31,0.71
300395,2018-12-31,0.5464
300396,2018-12-31,0.7164
300397,2018-12-31,-0.71
300398,2018-12-31,0.67
300400,2018-12-31,0.38
300401,2018-12-31,0.64
300403,2018-12-31,0.2699
300404,2018-12-31,0.06
300405,2018-12-31,-0.66
300406,2018-12-31,0.6
300407,2018-12-31,0.05
300408,2018-12-31,0.76
300409,2018-12-31,0.56
300410,2018-12-31,0.09
300411,2018-12-31,-3.7
300412,2018-12-31,0.13
300413,2018-12-31,0.92
300414,2018-12-31,0.31
300415,2018-12-31,0.41
300416,2018-12-31,0.55
300418,2018-12-31,0.88
300419,2018-12-31,-1.71
300420,2018-12-31,0.18
300421,2018-12-31,0.5547
300422,2018-12-31,0.66
300423,2018-12-31,1.65
300424,2018-12-31,0.2096
300425,2018-12-31,0.208
300426,2018-12-31,-2.32
300427,2018-12-31,0.65
300428,2018-12-31,0.75
300429,2018-12-31,0.5523
300430,2018-12-31,0.38
300431,2018-12-31,-3.37
300432,2018-12-31,-4.614
300433,2018-12-31,0.16
300435,2018-12-31,0.27
300436,2018-12-31,0.12
300437,2018-12-31,1.1314
300438,2018-12-31,0.95
300439,2018-12-31,0.71
300440,2018-12-31,0.23
300441,2018-12-31,0.18
300442,2018-12-31,-2.41
300443,2018-12-31,0.49
300444,2018-12-31,0.3246
300445,2018-12-31,0.448
300446,2018-12-31,0.8393
300447,2018-12-31,-0.8072
300448,2018-12-31,0.36
300449,2018-12-31,0.07
300450,2018-12-31,1.0641
300451,2018-12-31,0.45
300452,2018-12-31,0.5
300453,2018-12-31,0.26
300454,2018-12-31,1.55
300455,2018-12-31,0.1485
300456,2018-12-31,0.34
300457,2018-12-31,0.92
300458,2018-12-31,0.36
300459,2018-12-31,0.43
300461,2018-12-31,-0.71
300462,2018-12-31,0.38
300463,2018-12-31,0.8039
300464,2018-12-31,0.01
300465,2018-12-31,0.23
300467,2018-12-31,-3.49
300468,2018-12-31,0.35
300469,2018-12-31,0.37
300470,2018-12-31,0.8877
300471,2018-12-31,-1.302
300472,2018-12-31,0.55
300473,2018-12-31,1.3119
300474,2018-12-31,0.53
300475,2018-12-31,0.17
300476,2018-12-31,0.49
300477,2018-12-31,0.09
300479,2018-12-31,0.0634
300480,2018-12-31,0.22
300481,2018-12-31,0.42
300482,2018-12-31,0.92
300483,2018-12-31,0.09
300484,2018-12-31,0.12
300485,2018-12-31,0.59
300486,2018-12-31,0.41
300487,2018-12-31,0.71
300488,2018-12-31,0.67
300489,2018-12-31,0.0152
300490,2018-12-31,0.43
300491,2018-12-31,-0.1
300492,2018-12-31,0.32
300493,2018-12-31,0.05
300494,2018-12-31,0.22
300495,2018-12-31,0.6488
300496,2018-12-31,0.4141
300497,2018-12-31,0.88
300498,2018-12-31,0.7511
300499,2018-12-31,0.48
300500,2018-12-31,0.85
300501,2018-12-31,0.66
300502,2018-12-31,0.1366
300503,2018-12-31,0.2
300504,2018-12-31,0.61
300505,2018-12-31,0.6866
300506,2018-12-31,0.96
300507,2018-12-31,0.72
300508,2018-12-31,-0.3016
300509,2018-12-31,0.28
300510,2018-12-31,0.39
300511,2018-12-31,0.35
300512,2018-12-31,0.69
300513,2018-12-31,0.7447
300515,2018-12-31,0.1753
300516,2018-12-31,0.38
300517,2018-12-31,0.24
300518,2018-12-31,0.11
300519,2018-12-31,0.55
300520,2018-12-31,0.24
300521,2018-12-31,0.1767
300522,2018-12-31,0.5602
300523,2018-12-31,0.9415
300525,2018-12-31,0.6854
300526,2018-12-31,0.1334
300527,2018-12-31,0.3287
300528,2018-12-31,-1.43
300529,2018-12-31,0.97
300530,2018-12-31,0.79
300531,2018-12-31,0.42
300532,2018-12-31,0.07
300533,2018-12-31,0.99
300534,2018-12-31,0.0405
300535,2018-12-31,0.4043
300536,2018-12-31,0.31
300537,2018-12-31,0.2851
300538,2018-12-31,0.36
300539,2018-12-31,0.05
300540,2018-12-31,-0.96
300541,2018-12-31,0.28
300542,2018-12-31,0.25
300545,2018-12-31,0.6
300546,2018-12-31,0.81
300547,2018-12-31,1.14
300548,2018-12-31,0.03
300549,2018-12-31,0.37
300550,2018-12-31,0.5
300551,2018-12-31,0.115
300552,2018-12-31,0.06
300553,2018-12-31,0.34
300554,2018-12-31,0.3967
300555,2018-12-31,0.0513
300556,2018-12-31,0.4873
300557,2018-12-31,0.32
300558,2018-12-31,0.42
300559,2018-12-31,0.89
300560,2018-12-31,0.37
300561,2018-12-31,0.16
300562,2018-12-31,0.13
300563,2018-12-31,0.55
300565,2018-12-31,0.08
300566,2018-12-31,0.27
300567,2018-12-31,1.8
300568,2018-12-31,1.16
300569,2018-12-31,0.6822
300570,2018-12-31,0.66
300571,2018-12-31,1.64
300572,2018-12-31,1.04
300575,2018-12-31,2.85
300576,2018-12-31,0.35
300577,2018-12-31,0.8
300578,2018-12-31,0.18
300579,2018-12-31,0.7205
300580,2018-12-31,0.7939
300581,2018-12-31,0.376
300583,2018-12-31,1.19
300584,2018-12-31,0.6935
300585,2018-12-31,0.2787
300586,2018-12-31,0.26
300588,2018-12-31,0.14
300589,2018-12-31,0.1535
300590,2018-12-31,0.7788
300592,2018-12-31,0.1282
300593,2018-12-31,0.31
300595,2018-12-31,0.9795
300596,2018-12-31,1.07
300598,2018-12-31,0.199
300599,2018-12-31,0.67
300600,2018-12-31,0.67
300601,2018-12-31,0.7
300602,2018-12-31,0.8
300603,2018-12-31,0.4
300604,2018-12-31,0.25
300605,2018-12-31,0.4903
300606,2018-12-31,0.6
300607,2018-12-31,1.32
300608,2018-12-31,0.8
300609,2018-12-31,0.65
300610,2018-12-31,0.5742
300611,2018-12-31,0.11
300612,2018-12-31,0.13
300613,2018-12-31,1.23
300616,2018-12-31,2.46
300617,2018-12-31,0.7527
300618,2018-12-31,3.69
300619,2018-12-31,0.62
300620,2018-12-31,0.9082
300621,2018-12-31,0.4
300622,2018-12-31,0.69
300623,2018-12-31,0.93
300624,2018-12-31,1.06
300625,2018-12-31,0.64
300626,2018-12-31,0.24
300627,2018-12-31,0.441
300628,2018-12-31,2.8508
300629,2018-12-31,0.08
300630,2018-12-31,0.99
300631,2018-12-31,0.536
300633,2018-12-31,0.63
300635,2018-12-31,0.4049
300636,2018-12-31,0.3049
300637,2018-12-31,1.15
300638,2018-12-31,0.72
300639,2018-12-31,0.63
300641,2018-12-31,0.12
300642,2018-12-31,1.572
300643,2018-12-31,0.16
300645,2018-12-31,0.76
300648,2018-12-31,0.1515
300649,2018-12-31,0.41
300651,2018-12-31,0.47
300653,2018-12-31,1.07
300654,2018-12-31,0.23
300655,2018-12-31,0.3363
300656,2018-12-31,0.5938
300657,2018-12-31,1.13
300658,2018-12-31,0.32
300659,2018-12-31,0.32
300660,2018-12-31,1.098
300661,2018-12-31,1.3088
300662,2018-12-31,0.65
300663,2018-12-31,0.21
300664,2018-12-31,0.3554
300666,2018-12-31,0.27
300668,2018-12-31,0.79
300670,2018-12-31,0.1841
300671,2018-12-31,0.38
300672,2018-12-31,0.5
300673,2018-12-31,1.16
300674,2018-12-31,0.53
300675,2018-12-31,0.2361
300676,2018-12-31,0.97
300677,2018-12-31,0.92
300679,2018-12-31,1.11
300681,2018-12-31,0.7
300682,2018-12-31,0.3295
300683,2018-12-31,0.91
300684,2018-12-31,0.8999
300685,2018-12-31,0.88
300687,2018-12-31,0.79
300688,2018-12-31,0.2
300689,2018-12-31,0.81
300690,2018-12-31,0.91
300691,2018-12-31,0.53
300692,2018-12-31,0.38
300693,2018-12-31,0.35
300695,2018-12-31,2.94
300696,2018-12-31,0.58
300698,2018-12-31,0.03
300699,2018-12-31,1.02
300700,2018-12-31,0.41
300701,2018-12-31,0.88
300702,2018-12-31,0.91
300703,2018-12-31,0.69
300705,2018-12-31,0.31
300706,2018-12-31,0.2
300707,2018-12-31,0.5264
300709,2018-12-31,0.42
300710,2018-12-31,0.2105
300711,2018-12-31,0.11
300713,2018-12-31,0.13
300715,2018-12-31,0.5
300716,2018-12-31,0.35
300717,2018-12-31,0.46
300718,2018-12-31,0.74
300719,2018-12-31,0.2193
300722,2018-12-31,0.93
300723,2018-12-31,1.29
300724,2018-12-31,1.15
300725,2018-12-31,1.21
300726,2018-12-31,0.5573
300727,2018-12-31,0.52
300729,2018-12-31,0.67
300730,2018-12-31,0.22
300732,2018-12-31,2.32
300735,2018-12-31,0.77
300736,2018-12-31,0.34
300737,2018-12-31,0.31
300738,2018-12-31,0.91
300739,2018-12-31,0.67
300740,2018-12-31,0.5
300741,2018-12-31,1.94
300742,2018-12-31,0.3
300745,2018-12-31,0.8
300747,2018-12-31,3.86
300748,2018-12-31,0.39
300749,2018-12-31,0.83
300750,2018-12-31,1.6412
300751,2018-12-31,4.26
300753,2018-12-31,1.16
300755,2018-12-31,1.29
300756,2018-12-31,3.27
300757,2018-12-31,1.59
300758,2018-12-31,1.32
300759,2018-12-31,0.57
300760,2018-12-31,3.34
300761,2018-12-31,3.5844
430591,2018-12-31,1.08
600000,2018-12-31,1.85
600004,2018-12-31,0.55
600006,2018-12-31,0.2769
600007,2018-12-31,0.77
600008,2018-12-31,0.1449
600009,2018-12-31,2.2
600010,2018-12-31,0.073
600011,2018-12-31,0.07
600012,2018-12-31,0.6771
600015,2018-12-31,1.56
600016,2018-12-31,1.14
600017,2018-12-31,0.21
600018,2018-12-31,0.4434
600019,2018-12-31,0.97
600021,2018-12-31,1.1171
600022,2018-12-31,0.1924
600023,2018-12-31,0.3
600025,2018-12-31,0.32
600026,2018-12-31,0.0261
600027,2018-12-31,0.157
600028,2018-12-31,0.521
600029,2018-12-31,0.28
600030,2018-12-31,0.77
600031,2018-12-31,0.7907
600033,2018-12-31,0.2673
600035,2018-12-31,0.26
600036,2018-12-31,3.13
600037,2018-12-31,0.4988
600038,2018-12-31,0.8657
600039,2018-12-31,0.3245
600048,2018-12-31,1.59
600050,2018-12-31,0.1321
600052,2018-12-31,0.14
600053,2018-12-31,0.6555
600054,2018-12-31,0.78
600055,2018-12-31,0.28
600056,2018-12-31,1.4455
600057,2018-12-31,0.4
600058,2018-12-31,-0.886
600059,2018-12-31,0.21
600060,2018-12-31,0.3
600061,2018-12-31,0.4
600062,2018-12-31,0.9284
600063,2018-12-31,0.07
600064,2018-12-31,0.775
600066,2018-12-31,1.01
600067,2018-12-31,0.51
600068,2018-12-31,0.887
600070,2018-12-31,0.42
600071,2018-12-31,-0.03
600072,2018-12-31,0.089
600073,2018-12-31,0.33
600074,2018-12-31,-0.69
600075,2018-12-31,0.51
600076,2018-12-31,0.45
600077,2018-12-31,0.31
600079,2018-12-31,-1.81
600080,2018-12-31,0.1076
600081,2018-12-31,0.4685
600084,2018-12-31,-0.1399
600085,2018-12-31,0.827
600088,2018-12-31,0.288
600089,2018-12-31,0.4905
600093,2018-12-31,0.73
600094,2018-12-31,0.2225
600095,2018-12-31,0.0419
600096,2018-12-31,0.0929
600098,2018-12-31,0.2571
600100,2018-12-31,-1.309
600101,2018-12-31,0.31
600104,2018-12-31,3.082
600105,2018-12-31,0.16
600106,2018-12-31,0.2
600108,2018-12-31,0.0435
600109,2018-12-31,0.334
600110,2018-12-31,0.0845
600111,2018-12-31,0.1607
600114,2018-12-31,0.51
600115,2018-12-31,0.19
600116,2018-12-31,0.22
600117,2018-12-31,-1.96
600118,2018-12-31,0.35
600119,2018-12-31,-2.19
600120,2018-12-31,0.8
600121,2018-12-31,0.1502
600122,2018-12-31,-1.76
600123,2018-12-31,0.946
600125,2018-12-31,0.389
600126,2018-12-31,0.57
600127,2018-12-31,-0.08
600129,2018-12-31,0.13
600130,2018-12-31,0.04
600131,2018-12-31,0.2
600132,2018-12-31,0.83
600135,2018-12-31,0.0395
600136,2018-12-31,0.37
600138,2018-12-31,0.83
600139,2018-12-31,0.0044
600141,2018-12-31,0.49
600143,2018-12-31,0.2297
600146,2018-12-31,-3.89
600149,2018-12-31,0.0054
600150,2018-12-31,0.35
600151,2018-12-31,0.0269
600153,2018-12-31,1.65
600155,2018-12-31,0.09
600157,2018-12-31,0.0053
600158,2018-12-31,0.0994
600160,2018-12-31,0.78
600161,2018-12-31,0.58
600162,2018-12-31,0.1493
600163,2018-12-31,0.13
600166,2018-12-31,-0.54
600167,2018-12-31,0.7481
600168,2018-12-31,0.39
600169,2018-12-31,0.0148
600170,2018-12-31,0.29
600171,2018-12-31,0.15
600172,2018-12-31,-0.1609
600173,2018-12-31,0.8
600175,2018-12-31,-0.3066
600176,2018-12-31,0.6778
600177,2018-12-31,1.03
600178,2018-12-31,0.01
600179,2018-12-31,0.41
600180,2018-12-31,0.4678
600183,2018-12-31,0.47
600184,2018-12-31,0.11
600185,2018-12-31,0.25
600188,2018-12-31,1.6101
600189,2018-12-31,0.06
600191,2018-12-31,-0.24
600192,2018-12-31,0.0262
600195,2018-12-31,0.6907
600196,2018-12-31,1.07
600197,2018-12-31,0.9703
600198,2018-12-31,0.639
600199,2018-12-31,0.18
600201,2018-12-31,0.67
600203,2018-12-31,0.0913
600206,2018-12-31,0.09
600208,2018-12-31,0.29
600211,2018-12-31,1.2
600213,2018-12-31,0.06
600216,2018-12-31,0.38
600217,2018-12-31,0.2277
600219,2018-12-31,0.15
600221,2018-12-31,-0.23
600222,2018-12-31,-0.2009
600223,2018-12-31,0.16
600225,2018-12-31,-0.41
600227,2018-12-31,0.1151
600229,2018-12-31,0.4957
600230,2018-12-31,2.406
600231,2018-12-31,0.43
600233,2018-12-31,0.6746
600236,2018-12-31,0.3933
600239,2018-12-31,0.28
600240,2018-12-31,-4.52
600242,2018-12-31,0.27
600246,2018-12-31,0.1593
600248,2018-12-31,0.3549
600256,2018-12-31,0.2797
600257,2018-12-31,0.0367
600258,2018-12-31,0.8755
600259,2018-12-31,-0.88
600260,2018-12-31,1.28
600261,2018-12-31,0.26
600262,2018-12-31,0.67
600266,2018-12-31,0.7
600267,2018-12-31,-0.51
600268,2018-12-31,0.08
600269,2018-12-31,0.5
600271,2018-12-31,0.87
600273,2018-12-31,0.75
600276,2018-12-31,1.1
600277,2018-12-31,0.28
600279,2018-12-31,0.2
600280,2018-12-31,-0.299
600282,2018-12-31,0.9078
600283,2018-12-31,0.16
600284,2018-12-31,0.4668
600285,2018-12-31,0.41
600289,2018-12-31,-2.3366
600290,2018-12-31,-0.11
600291,2018-12-31,0.3455
600292,2018-12-31,0.16
600293,2018-12-31,0.2069
600295,2018-12-31,0.89
600297,2018-12-31,0.39
600298,2018-12-31,1.0395
600299,2018-12-31,0.35
600300,2018-12-31,0.0388
600303,2018-12-31,-0.19
600305,2018-12-31,0.3887
600306,2018-12-31,-0.71
600307,2018-12-31,0.1745
600308,2018-12-31,0.6159
600309,2018-12-31,3.88
600310,2018-12-31,0.0827
600311,2018-12-31,-0.1633
600312,2018-12-31,0.211
600313,2018-12-31,0.0293
600315,2018-12-31,0.81
600316,2018-12-31,0.2069
600317,2018-12-31,0.1546
600318,2018-12-31,0.11
600320,2018-12-31,0.08
600322,2018-12-31,0.1218
600323,2018-12-31,1.14
600325,2018-12-31,1.08
600326,2018-12-31,0.52
600327,2018-12-31,0.399
600328,2018-12-31,0.61
600329,2018-12-31,0.73
600330,2018-12-31,0.28
600331,2018-12-31,-1.315
600332,2018-12-31,2.116
600333,2018-12-31,-0.11
600335,2018-12-31,0.58
600337,2018-12-31,0.25
600338,2018-12-31,1.3793
600339,2018-12-31,0.17
600340,2018-12-31,3.79
600343,2018-12-31,0.0361
600345,2018-12-31,1.17
600346,2018-12-31,0.68
600348,2018-12-31,0.82
600350,2018-12-31,0.612
600351,2018-12-31,0.3483
600352,2018-12-31,1.26
600353,2018-12-31,0.1055
600354,2018-12-31,-0.4122
600355,2018-12-31,0.02
600356,2018-12-31,0.22
600358,2018-12-31,-0.1655
600360,2018-12-31,0.14
600361,2018-12-31,0.13
600362,2018-12-31,0.71
600363,2018-12-31,0.51
600366,2018-12-31,0.0905
600367,2018-12-31,0.4
600368,2018-12-31,0.38
600369,2018-12-31,0.04
600371,2018-12-31,0.23
600372,2018-12-31,0.2743
600373,2018-12-31,1.18
600376,2018-12-31,1.0662
600377,2018-12-31,0.8688
600378,2018-12-31,0.63
600380,2018-12-31,0.4286
600381,2018-12-31,0.12
600382,2018-12-31,0.83
600383,2018-12-31,1.79
600386,2018-12-31,0.13
600387,2018-12-31,0.66
600388,2018-12-31,0.75
600389,2018-12-31,1.3202
600390,2018-12-31,0.6
600391,2018-12-31,-0.92
600392,2018-12-31,0.1632
600393,2018-12-31,0.11
600395,2018-12-31,0.571
600397,2018-12-31,0.0649
600398,2018-12-31,0.77
600399,2018-12-31,2.01
600400,2018-12-31,0.08
600403,2018-12-31,0.2724
600405,2018-12-31,-0.499
600406,2018-12-31,0.93
600408,2018-12-31,0.81
600409,2018-12-31,0.7683
600410,2018-12-31,-0.2063
600415,2018-12-31,0.2
600416,2018-12-31,-2.02
600418,2018-12-31,-0.42
600419,2018-12-31,0.55
600420,2018-12-31,0.6461
600422,2018-12-31,0.4364
600425,2018-12-31,0.26
600426,2018-12-31,1.864
600428,2018-12-31,0.04
600429,2018-12-31,0.12
600433,2018-12-31,0.09
600436,2018-12-31,1.89
600438,2018-12-31,0.52
600439,2018-12-31,0.2069
600446,2018-12-31,-0.14
600449,2018-12-31,0.8956
600452,2018-12-31,1.56
600456,2018-12-31,0.33
600458,2018-12-31,-0.53
600459,2018-12-31,0.46
600460,2018-12-31,0.13
600461,2018-12-31,0.43
600462,2018-12-31,-0.51
600463,2018-12-31,0.05
600466,2018-12-31,0.6223
600467,2018-12-31,0.04
600469,2018-12-31,0.03
600475,2018-12-31,0.7496
600476,2018-12-31,0.01
600477,2018-12-31,0.318
600478,2018-12-31,0.015
600479,2018-12-31,0.6102
600480,2018-12-31,0.6
600481,2018-12-31,0.1549
600482,2018-12-31,0.78
600483,2018-12-31,0.68
600485,2018-12-31,-0.99
600486,2018-12-31,2.889
600487,2018-12-31,1.33
600488,2018-12-31,0.141
600489,2018-12-31,0.06
600490,2018-12-31,0.09
600491,2018-12-31,0.64
600493,2018-12-31,0.1125
600495,2018-12-31,0.03
600496,2018-12-31,0.11
600497,2018-12-31,0.1223
600498,2018-12-31,0.76
600499,2018-12-31,-0.374
600500,2018-12-31,0.44
600501,2018-12-31,-0.39
600502,2018-12-31,0.46
600505,2018-12-31,0.1729
600507,2018-12-31,2.08
600508,2018-12-31,0.92
600509,2018-12-31,0.043
600510,2018-12-31,0.63
600511,2018-12-31,1.8313
600512,2018-12-31,0.02
600515,2018-12-31,0.4825
600516,2018-12-31,3.21
600517,2018-12-31,0.01
600518,2018-12-31,0.0303
600519,2018-12-31,28.02
600520,2018-12-31,0.03
600521,2018-12-31,0.09
600522,2018-12-31,0.692
600525,2018-12-31,0.0855
600527,2018-12-31,0.06
600528,2018-12-31,0.67
600529,2018-12-31,0.84
600531,2018-12-31,0.12
600532,2018-12-31,0.02
600533,2018-12-31,0.2073
600535,2018-12-31,1.02
600536,2018-12-31,0.22
600537,2018-12-31,0.06
600538,2018-12-31,-0.05
600545,2018-12-31,0.4275
600546,2018-12-31,0.11
600547,2018-12-31,0.45
600548,2018-12-31,1.577
600549,2018-12-31,0.3541
600550,2018-12-31,-0.491
600551,2018-12-31,0.6516
600552,2018-12-31,0.0564
600556,2018-12-31,-0.09
600557,2018-12-31,0.73
600559,2018-12-31,0.54
600560,2018-12-31,0.09
600561,2018-12-31,0.11
600562,2018-12-31,0.06
600563,2018-12-31,2.01
600565,2018-12-31,0.43
600566,2018-12-31,2.08
600567,2018-12-31,0.7
600568,2018-12-31,-0.9507
600569,2018-12-31,0.776
600570,2018-12-31,1.04
600571,2018-12-31,0.06
600572,2018-12-31,0.3
600575,2018-12-31,0.11
600576,2018-12-31,0.02
600578,2018-12-31,0.13
600579,2018-12-31,0.22
600580,2018-12-31,0.4937
600581,2018-12-31,0.457
600582,2018-12-31,0.232
600583,2018-12-31,0.02
600584,2018-12-31,-0.65
600585,2018-12-31,5.63
600586,2018-12-31,0.06
600587,2018-12-31,0.06
600588,2018-12-31,0.32
600589,2018-12-31,0.22
600590,2018-12-31,0.34
600593,2018-12-31,0.4476
600594,2018-12-31,-0.916
600595,2018-12-31,-1.31
600596,2018-12-31,1.8002
600597,2018-12-31,0.28
600598,2018-12-31,0.549
600599,2018-12-31,-0.33
600600,2018-12-31,1.053
600602,2018-12-31,0.199
600603,2018-12-31,0.44
600604,2018-12-31,0.13
600606,2018-12-31,0.93
600611,2018-12-31,0.37
600612,2018-12-31,2.3026
600614,2018-12-31,-2.18
600616,2018-12-31,-0.13
600617,2018-12-31,0.04
600618,2018-12-31,0.9106
600620,2018-12-31,0.1
600621,2018-12-31,0.02
600622,2018-12-31,0.76
600623,2018-12-31,0.85
600626,2018-12-31,0.1763
600628,2018-12-31,0.42
600629,2018-12-31,0.6098
600630,2018-12-31,0.09
600633,2018-12-31,0.37
600634,2018-12-31,-9.57
600635,2018-12-31,0.16
600636,2018-12-31,1.2151
600637,2018-12-31,0.5903
600639,2018-12-31,0.8705
600640,2018-12-31,0.3296
600641,2018-12-31,1.2091
600642,2018-12-31,0.401
600643,2018-12-31,0.72
600644,2018-12-31,0.1502
600647,2018-12-31,-0.4
600648,2018-12-31,0.73
600649,2018-12-31,0.41
600650,2018-12-31,0.484
600651,2018-12-31,-3.345
600652,2018-12-31,-1.09
600653,2018-12-31,0.1752
600654,2018-12-31,-1.54
600655,2018-12-31,0.855
600657,2018-12-31,1.04
600658,2018-12-31,0.37
600660,2018-12-31,1.64
600661,2018-12-31,-0.93
600662,2018-12-31,0.0615
600663,2018-12-31,0.9966
600664,2018-12-31,0.14
600666,2018-12-31,-2.27
600667,2018-12-31,0.27
600673,2018-12-31,0.36
600674,2018-12-31,0.811
600675,2018-12-31,0.55
600681,2018-12-31,0.98
600682,2018-12-31,-0.69
600683,2018-12-31,0.48
600685,2018-12-31,-1.3223
600686,2018-12-31,0.21
600687,2018-12-31,-0.783
600688,2018-12-31,0.488
600689,2018-12-31,0.05
600690,2018-12-31,1.21
600691,2018-12-31,0.0733
600692,2018-12-31,0.1223
600693,2018-12-31,0.2917
600694,2018-12-31,3.36
600697,2018-12-31,1.63
600699,2018-12-31,1.43
600701,2018-12-31,-3.5698
600702,2018-12-31,1.0219
600703,2018-12-31,0.69
600704,2018-12-31,0.5
600705,2018-12-31,0.35
600706,2018-12-31,0.42
600707,2018-12-31,0.02
600708,2018-12-31,0.6272
600710,2018-12-31,0.35
600711,2018-12-31,0.257
600713,2018-12-31,0.26
600715,2018-12-31,-0.37
600716,2018-12-31,0.6027
600717,2018-12-31,0.36
600718,2018-12-31,0.09
600720,2018-12-31,0.8435
600721,2018-12-31,-1.6866
600723,2018-12-31,0.553
600724,2018-12-31,0.517
600727,2018-12-31,0.27
600728,2018-12-31,0.1635
600729,2018-12-31,2.04
600730,2018-12-31,0.003
600731,2018-12-31,0.15
600732,2018-12-31,0.0358
600733,2018-12-31,0.0462
600734,2018-12-31,-0.4285
600735,2018-12-31,0.2033
600736,2018-12-31,0.41
600737,2018-12-31,0.2455
600738,2018-12-31,2.023
600739,2018-12-31,0.5035
600740,2018-12-31,1.2111
600741,2018-12-31,2.546
600742,2018-12-31,0.97
600743,2018-12-31,0.32
600745,2018-12-31,0.1
600746,2018-12-31,0.0117
600748,2018-12-31,0.36
600749,2018-12-31,0.0978
600750,2018-12-31,1.12
600751,2018-12-31,0.02
600754,2018-12-31,1.13
600755,2018-12-31,0.83
600756,2018-12-31,0.97
600757,2018-12-31,0.6
600758,2018-12-31,0.09
600759,2018-12-31,0.0308
600760,2018-12-31,0.53
600761,2018-12-31,0.79
600763,2018-12-31,1.04
600764,2018-12-31,0.1706
600765,2018-12-31,0.43
600771,2018-12-31,1.06
600773,2018-12-31,0.13
600775,2018-12-31,0.1772
600776,2018-12-31,0.101
600777,2018-12-31,0.0883
600778,2018-12-31,0.12
600779,2018-12-31,1.1861
600780,2018-12-31,0.1954
600781,2018-12-31,1.42
600782,2018-12-31,1.85
600783,2018-12-31,0.25
600784,2018-12-31,0.11
600785,2018-12-31,0.61
600787,2018-12-31,0.22
600789,2018-12-31,0.25
600790,2018-12-31,0.35
600791,2018-12-31,0.11
600793,2018-12-31,1.6568
600794,2018-12-31,0.03
600795,2018-12-31,0.061
600797,2018-12-31,0.17
600798,2018-12-31,0.1953
600800,2018-12-31,0.12
600801,2018-12-31,3.46
600803,2018-12-31,1.11
600804,2018-12-31,0.27
600805,2018-12-31,0.096
600807,2018-12-31,0.04
600808,2018-12-31,0.7718
600809,2018-12-31,1.694
600810,2018-12-31,1.47
600812,2018-12-31,0.092
600814,2018-12-31,0.21
600816,2018-12-31,-0.3351
600820,2018-12-31,0.63
600821,2018-12-31,-0.66
600823,2018-12-31,0.64
600826,2018-12-31,0.54
600827,2018-12-31,0.49
600828,2018-12-31,0.6955
600829,2018-12-31,0.4447
600830,2018-12-31,0.07
600831,2018-12-31,0.1737
600834,2018-12-31,0.06
600835,2018-12-31,1.24
600837,2018-12-31,0.45
600839,2018-12-31,0.07
600841,2018-12-31,0.15
600843,2018-12-31,0.2567
600845,2018-12-31,0.801
600846,2018-12-31,0.48
600847,2018-12-31,-1.02
600848,2018-12-31,0.39
600850,2018-12-31,0.7157
600853,2018-12-31,0.237
600855,2018-12-31,0.2198
600856,2018-12-31,-1.36
600858,2018-12-31,0.089
600859,2018-12-31,1.548
600860,2018-12-31,-0.22
600861,2018-12-31,0.1277
600862,2018-12-31,0.22
600863,2018-12-31,0.13
600864,2018-12-31,-0.07
600865,2018-12-31,0.31
600866,2018-12-31,0.07
600867,2018-12-31,0.41
600869,2018-12-31,0.0684
600870,2018-12-31,0.0087
600871,2018-12-31,0.008
600872,2018-12-31,0.7625
600873,2018-12-31,0.32
600874,2018-12-31,0.35
600875,2018-12-31,0.37
600879,2018-12-31,0.168
600880,2018-12-31,-0.77
600881,2018-12-31,-0.06
600882,2018-12-31,0.03
600884,2018-12-31,0.99
600885,2018-12-31,0.94
600886,2018-12-31,0.6256
600887,2018-12-31,1.06
600888,2018-12-31,0.2176
600889,2018-12-31,0.02
600890,2018-12-31,-0.0726
600891,2018-12-31,-6.69
600892,2018-12-31,-2.02
600893,2018-12-31,0.47
600894,2018-12-31,0.1559
600895,2018-12-31,0.35
600896,2018-12-31,0.13
600897,2018-12-31,1.6979
600898,2018-12-31,-1.5124
600900,2018-12-31,1.0278
600901,2018-12-31,0.43
600903,2018-12-31,0.21
600908,2018-12-31,0.59
600909,2018-12-31,0.15
600917,2018-12-31,0.22
600919,2018-12-31,1.04
600926,2018-12-31,0.95
600928,2018-12-31,0.59
600933,2018-12-31,0.55
600936,2018-12-31,0.07
600939,2018-12-31,0.2
600958,2018-12-31,0.18
600959,2018-12-31,0.14
600960,2018-12-31,0.1466
600961,2018-12-31,-3.09
600962,2018-12-31,0.0203
600963,2018-12-31,0.26
600965,2018-12-31,0.2
600966,2018-12-31,0.1915
600967,2018-12-31,0.32
600969,2018-12-31,0.1039
600970,2018-12-31,0.78
600971,2018-12-31,1.22
600973,2018-12-31,0.096
600975,2018-12-31,-0.05
600976,2018-12-31,0.53
600977,2018-12-31,0.801
600978,2018-12-31,0.26
600979,2018-12-31,0.2655
600983,2018-12-31,0.34
600984,2018-12-31,0.1978
600985,2018-12-31,1.68
600986,2018-12-31,0.2
600987,2018-12-31,0.96
600988,2018-12-31,-0.09
600990,2018-12-31,1.62
600993,2018-12-31,0.41
600995,2018-12-31,0.62
600996,2018-12-31,0.3
600997,2018-12-31,0.86
600998,2018-12-31,0.73
600999,2018-12-31,0.54
601000,2018-12-31,0.27
601001,2018-12-31,0.39
601002,2018-12-31,0.22
601003,2018-12-31,1.7987
601005,2018-12-31,0.2
601006,2018-12-31,0.98
601007,2018-12-31,0.258
601008,2018-12-31,0.003
601009,2018-12-31,1.26
601010,2018-12-31,0.13
601011,2018-12-31,0.21
601012,2018-12-31,0.93
601015,2018-12-31,0.26
601016,2018-12-31,0.124
601018,2018-12-31,0.22
601019,2018-12-31,0.71
601020,2018-12-31,0.43
601021,2018-12-31,1.67
601028,2018-12-31,0.0279
601058,2018-12-31,0.25
601066,2018-12-31,0.38
601069,2018-12-31,0.0153
601086,2018-12-31,0.2
601088,2018-12-31,2.205
601098,2018-12-31,0.69
601099,2018-12-31,-0.194
601100,2018-12-31,0.95
601101,2018-12-31,0.6
601106,2018-12-31,0.0188
601107,2018-12-31,0.2777
601108,2018-12-31,0.22
601111,2018-12-31,0.53
601113,2018-12-31,0.25
601116,2018-12-31,0.24
601117,2018-12-31,0.39
601118,2018-12-31,0.0542
601126,2018-12-31,0.27
601127,2018-12-31,0.12
601128,2018-12-31,0.67
601137,2018-12-31,0.55
601138,2018-12-31,0.9
601139,2018-12-31,0.36
601155,2018-12-31,4.69
601158,2018-12-31,0.3
601163,2018-12-31,0.6
601166,2018-12-31,2.85
601168,2018-12-31,-0.87
601169,2018-12-31,0.91
601179,2018-12-31,0.111
601186,2018-12-31,1.26
601188,2018-12-31,0.23
601198,2018-12-31,0.366
601199,2018-12-31,0.21
601200,2018-12-31,0.8225
601208,2018-12-31,0.05
601211,2018-12-31,0.7
601212,2018-12-31,0.004
601216,2018-12-31,0.2708
601218,2018-12-31,-0.0598
601222,2018-12-31,0.43
601225,2018-12-31,1.1
601228,2018-12-31,0.12
601229,2018-12-31,1.56
601231,2018-12-31,0.54
601233,2018-12-31,1.16
601238,2018-12-31,1.07
601258,2018-12-31,-0.93
601288,2018-12-31,0.59
601311,2018-12-31,0.66
601318,2018-12-31,6.02
601319,2018-12-31,0.32
601326,2018-12-31,0.15
601328,2018-12-31,0.96
601330,2018-12-31,0.25
601333,2018-12-31,0.11
601336,2018-12-31,2.54
601339,2018-12-31,0.29
601360,2018-12-31,0.53
601366,2018-12-31,0.23
601369,2018-12-31,0.2138
601375,2018-12-31,0.02
601377,2018-12-31,0.02
601388,2018-12-31,0.05
601390,2018-12-31,0.718
601398,2018-12-31,0.82
601500,2018-12-31,0.2
601515,2018-12-31,0.67
601518,2018-12-31,0.19
601519,2018-12-31,0.05
601555,2018-12-31,0.12
601566,2018-12-31,0.93
601567,2018-12-31,0.36
601577,2018-12-31,1.42
601579,2018-12-31,0.36
601588,2018-12-31,0.35
601595,2018-12-31,0.63
601598,2018-12-31,0.45
601599,2018-12-31,0.06
601600,2018-12-31,0.044
601601,2018-12-31,1.99
601606,2018-12-31,0.15
601607,2018-12-31,1.3717
601608,2018-12-31,0.02
601611,2018-12-31,0.34
601615,2018-12-31,0.39
601616,2018-12-31,0.1332
601618,2018-12-31,0.26
601619,2018-12-31,0.14
601628,2018-12-31,0.39
601633,2018-12-31,0.57
601636,2018-12-31,0.4611
601666,2018-12-31,0.3029
601668,2018-12-31,0.87
601669,2018-12-31,0.4842
601677,2018-12-31,0.84
601678,2018-12-31,0.45
601688,2018-12-31,0.66
601689,2018-12-31,1.04
601699,2018-12-31,0.89
601700,2018-12-31,0.03
601717,2018-12-31,0.48
601718,2018-12-31,-0.02
601727,2018-12-31,0.2049
601766,2018-12-31,0.39
601777,2018-12-31,0.19
601788,2018-12-31,0.0224
601789,2018-12-31,0.2249
601798,2018-12-31,0.177
601799,2018-12-31,2.2108
601800,2018-12-31,1.15
601801,2018-12-31,0.55
601808,2018-12-31,0.0148
601811,2018-12-31,0.76
601818,2018-12-31,0.61
601828,2018-12-31,1.2
601838,2018-12-31,1.3
601857,2018-12-31,0.29
601858,2018-12-31,0.54
601860,2018-12-31,0.38
601865,2018-12-31,0.23
601866,2018-12-31,0.1186
601869,2018-12-31,2.09
601872,2018-12-31,0.19
601877,2018-12-31,1.68
601878,2018-12-31,0.22
601880,2018-12-31,0.04
601881,2018-12-31,0.28
601882,2018-12-31,0.19
601886,2018-12-31,0.53
601888,2018-12-31,1.585
601898,2018-12-31,0.26
601899,2018-12-31,0.18
601900,2018-12-31,0.73
601901,2018-12-31,0.08
601908,2018-12-31,0.23
601918,2018-12-31,0.101
601919,2018-12-31,0.12
601928,2018-12-31,0.5206
601929,2018-12-31,0.0979
601933,2018-12-31,0.15
601939,2018-12-31,1
601949,2018-12-31,0.33
601952,2018-12-31,0.44
601958,2018-12-31,0.12
601965,2018-12-31,0.42
601966,2018-12-31,0.98
601968,2018-12-31,0.05
601969,2018-12-31,-0.39
601985,2018-12-31,0.304
601988,2018-12-31,0.59
601989,2018-12-31,0.03
601990,2018-12-31,0.09
601991,2018-12-31,0.0718
601992,2018-12-31,0.31
601996,2018-12-31,0.14
601997,2018-12-31,2.23
601998,2018-12-31,0.88
601999,2018-12-31,0.32
603000,2018-12-31,0.19
603001,2018-12-31,0.3423
603002,2018-12-31,0.08
603003,2018-12-31,0.1483
603005,2018-12-31,0.31
603006,2018-12-31,0.53
603007,2018-12-31,0.3
603008,2018-12-31,-1.13
603009,2018-12-31,0.16
603010,2018-12-31,0.43
603011,2018-12-31,0.11
603012,2018-12-31,0.33
603015,2018-12-31,0.14
603016,2018-12-31,0.41
603017,2018-12-31,0.62
603018,2018-12-31,1.28
603019,2018-12-31,0.67
603020,2018-12-31,0.3442
603021,2018-12-31,0.06
603022,2018-12-31,0.16
603023,2018-12-31,0.18
603025,2018-12-31,0.4
603026,2018-12-31,1.01
603027,2018-12-31,0.7362
603029,2018-12-31,0.16
603030,2018-12-31,0.49
603031,2018-12-31,0.05
603032,2018-12-31,1.62
603033,2018-12-31,0.65
603035,2018-12-31,1.21
603036,2018-12-31,0.19
603037,2018-12-31,1.21
603038,2018-12-31,0.89
603039,2018-12-31,1.16
603040,2018-12-31,1.31
603041,2018-12-31,0.41
603042,2018-12-31,-0.7957
603043,2018-12-31,0.9503
603045,2018-12-31,0.6567
603050,2018-12-31,0.54
603055,2018-12-31,0.63
603056,2018-12-31,0.74
603060,2018-12-31,0.8689
603063,2018-12-31,0.13
603066,2018-12-31,0.3079
603067,2018-12-31,0.47
603069,2018-12-31,0.19
603076,2018-12-31,0.52
603077,2018-12-31,0.04
603078,2018-12-31,0.475
603079,2018-12-31,0.4
603080,2018-12-31,0.65
603083,2018-12-31,0.6
603085,2018-12-31,0.13
603086,2018-12-31,2.24
603090,2018-12-31,0.33
603096,2018-12-31,1.79
603098,2018-12-31,0.46
603099,2018-12-31,0.25
603100,2018-12-31,0.98
603101,2018-12-31,0.2923
603103,2018-12-31,0.71
603106,2018-12-31,0.26
603108,2018-12-31,0.45
603111,2018-12-31,-3.22
603113,2018-12-31,1.88
603116,2018-12-31,0.34
603117,2018-12-31,0.18
603118,2018-12-31,0.25
603123,2018-12-31,0.33
603127,2018-12-31,0.94
603128,2018-12-31,0.32
603129,2018-12-31,0.9
603131,2018-12-31,0.37
603133,2018-12-31,0.26
603136,2018-12-31,1.29
603138,2018-12-31,0.36
603139,2018-12-31,0.56
603156,2018-12-31,3.8024
603157,2018-12-31,-0.29
603158,2018-12-31,0.54
603159,2018-12-31,0.43
603160,2018-12-31,1.65
603161,2018-12-31,0.8
603165,2018-12-31,1.17
603166,2018-12-31,0.19
603167,2018-12-31,0.83
603168,2018-12-31,-0.39
603169,2018-12-31,-1.4367
603177,2018-12-31,0.06
603178,2018-12-31,0.19
603179,2018-12-31,1.37
603180,2018-12-31,3.14
603181,2018-12-31,0.99
603183,2018-12-31,0.52
603185,2018-12-31,2.125
603186,2018-12-31,0.58
603188,2018-12-31,0.2813
603189,2018-12-31,0.04
603192,2018-12-31,1.3
603196,2018-12-31,0.1599
603197,2018-12-31,0.94
603198,2018-12-31,0.97
603199,2018-12-31,0.83
603200,2018-12-31,1.08
603203,2018-12-31,1.01
603208,2018-12-31,1.89
603214,2018-12-31,1.28
603218,2018-12-31,0.7
603222,2018-12-31,0.1
603223,2018-12-31,0.24
603225,2018-12-31,1.69
603226,2018-12-31,1.01
603227,2018-12-31,0.079
603228,2018-12-31,1.97
603229,2018-12-31,0.27
603233,2018-12-31,1.33
603238,2018-12-31,0.46
603239,2018-12-31,0.45
603258,2018-12-31,0.54
603259,2018-12-31,2.23
603260,2018-12-31,4.19
603266,2018-12-31,0.48
603268,2018-12-31,0.3
603277,2018-12-31,0.62
603278,2018-12-31,0.99
603283,2018-12-31,0.75
603288,2018-12-31,1.62
603289,2018-12-31,0.38
603297,2018-12-31,1.79
603298,2018-12-31,0.88
603299,2018-12-31,0.26
603300,2018-12-31,-0.06
603301,2018-12-31,1.42
603303,2018-12-31,0.6064
603305,2018-12-31,0.73
603306,2018-12-31,0.9
603308,2018-12-31,0.17
603309,2018-12-31,0.33
603311,2018-12-31,0.31
603313,2018-12-31,0.78
603315,2018-12-31,0.0426
603316,2018-12-31,0.28
603318,2018-12-31,0.01
603319,2018-12-31,1.2
603320,2018-12-31,0.43
603322,2018-12-31,0.25
603323,2018-12-31,0.55
603326,2018-12-31,0.45
603328,2018-12-31,0.66
603329,2018-12-31,0.34
603330,2018-12-31,0.45
603333,2018-12-31,0.11
603336,2018-12-31,0.37
603337,2018-12-31,1.49
603338,2018-12-31,1.94
603339,2018-12-31,0.88
603345,2018-12-31,1.25
603348,2018-12-31,0.62
603355,2018-12-31,1.05
603357,2018-12-31,1.35
603358,2018-12-31,0.66
603359,2018-12-31,1.02
603360,2018-12-31,0.78
603363,2018-12-31,0.07
603365,2018-12-31,1.07
603366,2018-12-31,-0.6146
603367,2018-12-31,1.11
603368,2018-12-31,2.04
603369,2018-12-31,0.9173
603377,2018-12-31,0.38
603378,2018-12-31,0.3
603383,2018-12-31,1.01
603385,2018-12-31,0.65
603387,2018-12-31,1.35
603388,2018-12-31,0.67
603389,2018-12-31,-0.39
603393,2018-12-31,2.09
603396,2018-12-31,1.12
603398,2018-12-31,0.2
603399,2018-12-31,0.35
603416,2018-12-31,1.06
603421,2018-12-31,0.47
603429,2018-12-31,0.6061
603444,2018-12-31,10.12
603456,2018-12-31,0.2
603458,2018-12-31,2.83
603466,2018-12-31,0.72
603486,2018-12-31,1.27
603488,2018-12-31,0.37
603496,2018-12-31,0.7522
603500,2018-12-31,0.47
603501,2018-12-31,0.32
603505,2018-12-31,0.57
603506,2018-12-31,0.91
603507,2018-12-31,0.48
603508,2018-12-31,1.17
603515,2018-12-31,1.19
603516,2018-12-31,0.66
603517,2018-12-31,1.56
603518,2018-12-31,1.58
603519,2018-12-31,0.411
603520,2018-12-31,0.78
603528,2018-12-31,0.2177
603533,2018-12-31,0.35
603535,2018-12-31,0.91
603536,2018-12-31,0.27
603538,2018-12-31,0.67
603555,2018-12-31,-1.09
603556,2018-12-31,0.68
603557,2018-12-31,0.38
603558,2018-12-31,0.5
603559,2018-12-31,0.36
603566,2018-12-31,0.42
603568,2018-12-31,1.08
603569,2018-12-31,0.72
603579,2018-12-31,1.78
603583,2018-12-31,2.59
603585,2018-12-31,1.73
603586,2018-12-31,0.41
603587,2018-12-31,1.55
603588,2018-12-31,0.5
603589,2018-12-31,2.55
603590,2018-12-31,1.98
603595,2018-12-31,0.81
603596,2018-12-31,0.6
603598,2018-12-31,0.21
603599,2018-12-31,1.25
603600,2018-12-31,0.37
603601,2018-12-31,0.294
603602,2018-12-31,0.4
603603,2018-12-31,0.46
603605,2018-12-31,1.44
603606,2018-12-31,0.34
603608,2018-12-31,0.56
603609,2018-12-31,0.66
603611,2018-12-31,0.71
603612,2018-12-31,0.6
603615,2018-12-31,0.28
603616,2018-12-31,0.044
603617,2018-12-31,0.68
603618,2018-12-31,0.15
603619,2018-12-31,0.07
603626,2018-12-31,0.3
603628,2018-12-31,0.09
603630,2018-12-31,0.56
603633,2018-12-31,0.28
603636,2018-12-31,0.35
603637,2018-12-31,0.31
603638,2018-12-31,0.86
603639,2018-12-31,2.19
603648,2018-12-31,0.39
603650,2018-12-31,0.74
603656,2018-12-31,0.54
603657,2018-12-31,1.23
603658,2018-12-31,1.34
603659,2018-12-31,1.37
603660,2018-12-31,0.9122
603663,2018-12-31,0.55
603665,2018-12-31,0.84
603666,2018-12-31,2.0568
603667,2018-12-31,0.38
603668,2018-12-31,0.25
603669,2018-12-31,0.5
603676,2018-12-31,0.17
603677,2018-12-31,0.41
603678,2018-12-31,0.74
603679,2018-12-31,0.7055
603680,2018-12-31,0.76
603686,2018-12-31,0.8
603688,2018-12-31,0.42
603689,2018-12-31,0.52
603690,2018-12-31,0.155
603693,2018-12-31,0.56
603696,2018-12-31,0.24
603698,2018-12-31,0.55
603699,2018-12-31,0.37
603703,2018-12-31,-0.39
603706,2018-12-31,0.69
603707,2018-12-31,0.7694
603708,2018-12-31,0.92
603709,2018-12-31,1.09
603711,2018-12-31,0.79
603713,2018-12-31,1.0147
603716,2018-12-31,0.49
603717,2018-12-31,0.3791
603718,2018-12-31,0.03
603721,2018-12-31,0.27
603722,2018-12-31,0.39
603726,2018-12-31,0.84
603727,2018-12-31,0.03
603728,2018-12-31,0.4345
603729,2018-12-31,0.25
603730,2018-12-31,1.36
603733,2018-12-31,0.49
603737,2018-12-31,1.67
603738,2018-12-31,0.23
603757,2018-12-31,1.43
603758,2018-12-31,-0.15
603766,2018-12-31,0.44
603767,2018-12-31,0.19
603768,2018-12-31,0.38
603776,2018-12-31,0.89
603777,2018-12-31,0.03
603778,2018-12-31,-0.01
603779,2018-12-31,0.22
603788,2018-12-31,1.09
603789,2018-12-31,-0.2239
603797,2018-12-31,0.34
603798,2018-12-31,0.38
603799,2018-12-31,1.84
603800,2018-12-31,0.4282
603801,2018-12-31,1.7056
603803,2018-12-31,0.3
603806,2018-12-31,1.44
603808,2018-12-31,1.08
603809,2018-12-31,1.078
603810,2018-12-31,2.14
603813,2018-12-31,0.63
603816,2018-12-31,2.36
603817,2018-12-31,0.2592
603818,2018-12-31,-0.12
603819,2018-12-31,0.4
603822,2018-12-31,0.7328
603823,2018-12-31,0.84
603825,2018-12-31,0.57
603826,2018-12-31,0.3851
603828,2018-12-31,0.14
603833,2018-12-31,3.77
603838,2018-12-31,0.16
603839,2018-12-31,0.7
603843,2018-12-31,0.17
603848,2018-12-31,0.65
603855,2018-12-31,0.46
603858,2018-12-31,2.1309
603859,2018-12-31,0.45
603866,2018-12-31,1.36
603868,2018-12-31,1.94
603869,2018-12-31,1.08
603871,2018-12-31,2.485
603876,2018-12-31,0.68
603877,2018-12-31,1.2
603878,2018-12-31,0.99
603880,2018-12-31,0.3
603881,2018-12-31,0.68
603882,2018-12-31,0.51
603883,2018-12-31,1.53
603885,2018-12-31,0.69
603886,2018-12-31,1.01
603887,2018-12-31,0.5
603888,2018-12-31,0.5493
603889,2018-12-31,0.51
603896,2018-12-31,0.76
603898,2018-12-31,1.22
603899,2018-12-31,0.877
603900,2018-12-31,0.62
603901,2018-12-31,0.18
603903,2018-12-31,0.9
603906,2018-12-31,0.33
603908,2018-12-31,0.62
603909,2018-12-31,0.6758
603912,2018-12-31,0.51
603918,2018-12-31,0.29
603919,2018-12-31,0.71
603920,2018-12-31,0.56
603922,2018-12-31,0.44
603926,2018-12-31,0.69
603928,2018-12-31,0.72
603929,2018-12-31,0.76
603933,2018-12-31,0.7898
603936,2018-12-31,0.68
603938,2018-12-31,0.75
603939,2018-12-31,1.144
603955,2018-12-31,0.7968
603958,2018-12-31,-0.287
603959,2018-12-31,0.48
603960,2018-12-31,0.48
603963,2018-12-31,0.08
603966,2018-12-31,0.32
603968,2018-12-31,0.98
603969,2018-12-31,0.18
603970,2018-12-31,0.7216
603976,2018-12-31,0.55
603977,2018-12-31,0.22
603978,2018-12-31,0.78
603979,2018-12-31,0.5
603980,2018-12-31,1.406
603985,2018-12-31,1.3279
603986,2018-12-31,1.44
603987,2018-12-31,0.33
603988,2018-12-31,0.21
603989,2018-12-31,0.77
603990,2018-12-31,0.69
603993,2018-12-31,0.21
603997,2018-12-31,0.48
603998,2018-12-31,0.17
603999,2018-12-31,0.07
830948,2018-12-31,2.59
831008,2018-12-31,0.34
831215,2018-12-31,0.6061
832362,2018-12-31,1.16
833677,2018-12-31,0.15
833761,2018-12-31,0.31
835009,2018-12-31,0.39
