嚜燕ostDate,Stkcd,TotalPosts,AvgReadings,AvgComments,AvgNetComments,AvgThumbUps,AvgUserBarAge,AvgUserInfluIndex,AvgUserPosts,AvgUserComments,Indcd,,
2017-11-16,000002,1,4770,9,0,2,0.58,0,1057,319,K70,1806,
2017-12-20,000002,1,3478,12,10,1,2.72,2,19,372,K70,,
2017-10-24,000002,1,2100,3,0,0,0.68,2,323,343,K70,,
2017-11-22,000012,1,25724,57,5,9,3.95,1,39,324,C30,,
2017-09-20,000021,1,19192,4,5,0,3.1,2,158,283,C39,,
2017-08-10,000027,1,4713,13,13,0,1.29,2,1040,312,D44,,
2017-03-20,000039,1,1357,1,0,0,1.27,2,1274,341,C33,,
2017-03-24,000039,2,3081,1.5,0.5,2,1.28,2,1274,341,C33,,
2017-04-07,000039,1,3439,2,1,2,1.32,2,1274,340,C33,,
2017-04-12,000039,1,4601,11,9,3,1.33,2,1274,338,C33,,
2017-05-22,000039,2,1480.5,2.5,1.5,0.5,1.44,2,1274,336,C33,,
2017-04-13,000040,1,93342,592,592,31,1.32,1.5,2,1,E48,,
2017-06-21,000042,1,2719,2,2,2,0.05,2,496,30,K70,,
2017-08-01,000042,1,2074,5,4,1,3.45,2,104,332,K70,,
2017-08-22,000042,1,4470,1,1,0,7.48,2,69,56,K70,,
2017-10-09,000042,1,1676,2,2,0,0.46,2,55,42,K70,,
2017-12-04,000042,1,3670,2,2,1,0,1,13,23,K70,,
2017-04-20,000042,1,3299,2,2,2,0.53,1,38,8,K70,,
2017-06-06,000066,1,14783,81,0,11,2.05,1.5,120,381,C39,,
2017-09-19,000066,1,13663,60,0,10,2.33,1.5,120,381,C39,,
2017-12-28,000066,1,12593,29,0,5,2.61,1.5,120,381,C39,,
2017-11-24,000068,1,4037,4,2,0,2.42,1.5,29,322,C39,,
2017-10-21,000100,1,118856,229,229,17,0.42,0,494,0,C39,,
2017-11-16,000100,1,94910,353,180,26,3.63,2,31,376,C39,,
2017-08-04,000100,1,14066,23,23,12,4.68,2,213,381,C39,,
2017-04-27,000100,1,3423,11,10,3,0.09,1.5,8,370,C39,,
2017-04-12,000100,1,2200,4,0,1,0.05,1.5,8,370,C39,,
2017-07-16,000301,1,14578,10,2,1,3.35,1.5,130,294,D44,,
2017-04-22,000333,1,6787,49,7,5,0.36,1.5,4,308,C38,,
2017-03-05,000333,1,40825,97,9,10,0.22,0,4,322,C38,,
2017-07-20,000338,1,5769,4,2,9,2.48,1.5,102,126,C36,,
2017-10-19,000401,1,614040,527,274,79,1.96,2,20,370,C30,,
2017-09-14,000404,1,168445,99,42,18,1.64,1.5,1,58,C34,,
2017-11-09,000408,1,25201,24,11,9,4.48,2,74,351,C26,,
2017-11-13,000413,1,47517,134,133,35,2.2,2,143,216,C39,,
2017-09-23,000413,1,7876,10,1,7,4.32,2,1136,322,C39,,
2017-04-20,000417,1,13100,4,0,2,4.07,0,2360,0,F52,,
2017-05-13,000423,1,4702,6,1,3,1.95,1.5,32,391,C27,,
2017-05-03,000423,1,5512,7,4,3,1.92,1.5,32,391,C27,,
2017-04-23,000423,1,13975,17,15,5,1.89,1.5,32,391,C27,,
2017-11-14,000503,1,911998,1256,845,93,0.64,2,176,327,I64,,
2017-09-02,000519,1,6145,14,12,0,1.36,1.5,26,381,C35,,
2017-07-14,000524,1,3512,2,0,1,2.7,0.5,20,25,H61,,
2017-11-22,000532,1,25729,3,3,1,0,1.5,16,2,S90,,
2017-11-03,000540,1,99443,100,0,21,1.38,1,14,191,K70,,
2017-09-12,000553,1,1824,1,1,2,2.42,1.5,7,188,C26,,
2017-12-02,000555,1,74789,57,27,10,0.79,0,39,383,I65,,
2017-03-23,000555,1,16449,19,17,4,1.62,2,219,187,I65,,
2017-11-28,000565,1,8076,7,7,3,0.25,1,2,72,C26,,
2017-08-26,000599,1,7801,4,2,1,0.48,2,127,287,C29,,
2017-12-04,000600,1,25970,36,9,3,5.01,0,8,161,D44,,
2017-04-11,000605,1,10770,3,3,2,0.02,1.5,28,28,D46,,
2017-10-11,000625,1,3981,5,3,2,0.16,2,89,324,C36,,
2017-10-12,000625,2,5352,9.5,4,2.5,0.16,2,89,324,C36,,
2017-11-16,000625,1,1986,2,2,0,0.36,1.5,41,313,C36,,
2017-03-07,000625,1,31271,43,15,14,3.39,2,51,339,C36,,
2017-02-22,000651,1,11676,21,18,15,3.46,1.5,237,323,C38,,
2017-04-15,000651,2,7493,20.5,5,0,0.14,2.25,130.5,359.5,C38,,
2017-11-24,000651,3,2291,3.33,0,0.67,1.59,2.25,545,224.5,C38,,
2017-06-02,000651,1,8437,10,4,0,0.93,1.5,19,131,C38,,
2017-11-02,000651,1,5241,11,2,1,1.35,1.5,19,131,C38,,
2017-11-08,000651,1,31291,39,36,0,4.13,1.5,73,58,C38,,
2017-09-12,000651,1,1419,1,0,0,4.01,1.5,237,322,C38,,
2017-07-06,000656,1,3241,2,2,0,0.01,1,6,58,K70,,
2017-10-19,000656,1,1842,2,2,2,0.07,0.5,3,2,K70,,
2017-06-13,000676,1,55461,5,5,10,4.21,0,1435,0,I64,,
2017-04-05,000681,1,19793,17,10,4,0.48,1,10,30,R87,,
2017-11-28,000683,2,3027.5,3,0,1,3.74,0.5,18,62,C26,,
2017-05-23,000688,1,91401,220,200,44,2.41,1,20,394,B09,,
2017-09-17,000688,1,3,0,0,0,2.38,1,132,149,B09,,
2017-12-17,000697,1,9198,12,2,3,2.73,1.5,30,354,C37,,
2017-11-09,000697,1,1428,0,0,0,2.6,0,2,11,C37,,
2017-01-07,000698,1,20329,23,10,8,0.07,2,62,383,C25,,
2017-01-10,000707,1,2409,0,0,1,0.01,1,20,12,C26,,
2017-09-15,000709,1,25234,81,25,17,0.11,2,47,394,C31,,
2017-09-03,000709,1,35646,77,33,18,0.08,2,47,394,C31,,
2017-08-30,000709,1,34617,158,147,24,0,1,1,76,C31,,
2017-03-14,000711,1,15075,8,8,4,3.96,0,2016,0,A05,,
2017-04-21,000711,1,2134,5,4,0,0.07,0,162,335,A05,,
2017-09-05,000711,1,2000,4,4,0,0.45,0,162,335,A05,,
2017-09-08,000711,1,1961,2,2,3,0.46,0,162,335,A05,,
2017-09-09,000711,1,2760,3,0,2,0.46,0,162,335,A05,,
2017-09-10,000711,1,2152,2,0,2,0.46,0,162,335,A05,,
2017-09-12,000711,1,1859,1,0,1,0.47,0,162,335,A05,,
2017-10-20,000711,1,1219,1,0,0,0.57,0,162,335,A05,,
2017-10-27,000711,1,1861,2,1,1,0.59,0,162,335,A05,,
2017-10-29,000711,1,930,1,0,1,0.6,0,162,335,A05,,
2017-10-31,000711,1,1354,2,2,4,0.6,0,162,335,A05,,
2017-11-01,000711,2,1437,2,1.5,0,0.61,0,162,335,A05,,
2017-11-02,000711,2,1366,2.5,1.5,0.5,0.61,0,162,335,A05,,
2017-11-07,000711,1,1115,2,2,0,0.62,0,162,335,A05,,
2017-11-09,000711,5,10083,36.8,36.2,0.4,1.51,1.13,42.75,109.5,A05,,
2017-12-04,000716,1,16380,37,3,13,1.99,0,350,388,C14,,
2017-06-12,000717,1,48219,39,19,23,3.07,2,18,213,C31,,
2017-07-21,000721,1,2383,1,1,2,0.25,1.5,24,186,H62,,
2017-09-05,000722,1,8397,7,4,1,1.74,1.5,209,390,D44,,
2017-02-20,000725,1,361078,412,275,75,0.06,2,6,301,C39,,
2017-04-26,000725,1,19835,23,9,8,0.53,1.5,1078,359,C39,,
2017-09-22,000725,1,5848,5,1,0,1.69,2,25,341,C39,,
2017-09-25,000725,1,387356,341,117,74,0.95,1.5,68,389,C39,,
2017-10-25,000725,1,4925,7,6,0,4.98,1,25,32,C39,,
2017-11-02,000725,1,7722,7,4,0,1.5,2,45,109,C39,,
2017-11-13,000725,2,24908,39,31,12,0.88,1.75,67,188.5,C39,,
2017-11-16,000725,1,51775,90,90,8,0.34,2,161,134,C39,,
2017-11-29,000725,2,3999,9.5,4,0,2.43,2.25,1021,24.5,C39,,
2017-12-13,000725,1,11532,23,2,1,0.94,2,51,338,C39,,
2017-11-16,000727,1,3392,5,3,4,1.5,2,202,218,C39,,
2017-11-24,000727,1,7397,3,0,0,1.48,2,65,182,C39,,
2017-12-11,000727,1,4858,9,2,0,2.14,1,7,87,C39,,
2017-12-14,000727,1,36480,124,64,7,1.38,2,239,304,C39,,
2017-12-26,000727,1,168566,169,0,34,1.41,2,238,398,C39,,
2017-03-31,000727,1,2743,1,1,0,2.6,2,104,101,C39,,
2017-05-28,000729,1,23717,38,20,6,0.03,1.5,26,398,C15,,
2017-12-29,000732,1,71685,71,0,22,3.4,2,21,105,K70,,
2017-10-12,000733,1,36625,17,10,9,1.4,1.5,2020,306,C39,,
2017-10-13,000739,1,1603,2,2,0,2.35,1.5,35,24,C27,,
2017-05-26,000759,1,3433,4,3,2,1.59,2,614,335,F52,,
2017-07-14,000759,1,3710,7,4,4,0.81,1.5,11,33,F52,,
2017-02-02,000762,1,5927,2,2,2,0.13,2,45,52,B08,,
2017-05-26,000762,1,33168,32,32,12,0,1.5,21,2,B08,,
2017-07-14,000768,1,18102,47,44,3,0.25,2,2889,330,C37,,
2017-10-10,000768,1,4850,30,27,0,0.15,2,155,314,C37,,
2017-11-18,000778,1,29893,79,15,5,1.35,1.5,153,307,C33,,
2017-07-27,000785,1,20600,28,28,17,2.18,1,11,16,F52,,
2017-11-29,000792,2,1572,1,1,1,2.59,2,692,307,C26,,
2017-09-25,000792,1,1337300,2574,894,130,0.5,2,163,399,C26,,
2017-10-25,000792,1,27959,38,5,1,0.25,1,5,323,C26,,
2017-10-12,000792,1,1301,2,1,0,1.13,2,111,347,C26,,
2017-11-09,000799,1,184882,413,8,16,0.44,1.5,15,385,C15,,
2017-09-26,000800,1,885,1,1,1,0.13,1,5,1,C36,,
2017-10-09,000800,1,8400,16,14,5,1.34,1.5,73,388,C36,,
2017-11-21,000807,1,12467,10,1,2,0.7,2,37,269,C32,,
2017-09-25,000813,1,7486,14,11,1,11.07,2,117,306,C27,,
2017-11-23,000822,1,96304,319,298,19,1.67,1.5,11,371,C26,,
2017-01-12,000825,1,1301,1,1,1,1.82,1.5,13,383,C31,,
2017-03-24,000835,1,3985,26,13,0,0.2,2,110,394,I64,,
2017-08-16,000839,1,31797,29,27,0,0.33,1.5,26,95,I63,,
2017-09-11,000839,1,4782,2,0,1,1.1,2,105,329,I63,,
2017-11-16,000839,1,5591,8,6,4,0.17,1,11,46,I63,,
2017-12-29,000839,1,3971,1,1,0,3.79,1.5,82,314,I63,,
2017-12-20,000839,1,11383,9,7,3,0.07,2,32,29,I63,,
2017-03-27,000839,1,74026,97,59,32,1.01,2,93,260,I63,,
2017-03-29,000848,1,3066,2,0,2,0.12,1,5,252,C15,,
2017-12-27,000851,1,13232,1,1,0,0.61,2,333,0,F52,,
2017-09-11,000851,1,3349,1,1,0,0.32,2,342,0,F52,,
2017-05-24,000852,1,4432,5,0,2,2.25,2,233,36,C35,,
2017-05-20,000852,1,2412,3,0,1,0.17,1.5,58,11,C35,,
2017-05-08,000852,1,3363,2,0,1,1.8,1.5,93,69,C35,,
2017-04-17,000852,1,21749,9,0,3,0.03,2,50,1,C35,,
2017-11-10,000858,1,3969,10,0,0,0.57,0,1057,345,C15,,
2017-12-20,000858,1,9795,10,6,2,2.49,1.5,132,299,C15,,
2017-06-28,000858,1,16134,20,7,2,0.7,2,430,317,C15,,
2017-06-12,000858,1,7133,23,3,3,0.1,2,29,307,C15,,
2017-04-15,000858,1,8734,33,2,1,0.28,2,51,338,C15,,
2017-12-27,000860,1,605546,1134,1134,44,0.66,2,98,39,C15,,
2017-06-29,000877,1,5784,11,10,4,1.22,2,201,379,C30,,
2017-07-24,000882,1,37927,72,24,14,1.84,2,57,305,L72,,
2017-11-28,000883,1,105861,190,79,36,1.52,0,15,312,D44,,
2017-12-11,000885,1,3403,4,0,0,3.04,1.5,33,351,C30,,
2017-05-05,000885,1,9304,4,4,6,0.21,1.5,25,90,C30,,
2017-07-13,000886,1,78118,164,35,56,0.87,1,127,307,K70,,
2017-07-18,000886,1,78861,145,19,37,0.88,1,127,307,K70,,
2017-08-16,000886,1,11447,2,1,1,3.78,1,7,12,K70,,
2017-07-20,000890,1,3229,10,6,1,0.05,1,23,71,C33,,
2017-08-31,000892,1,4809,4,2,0,3.6,1.5,142,328,R86,,
2017-12-08,000900,1,122327,232,224,24,0.03,1.5,13,91,G54,,
2017-10-18,000902,1,1877,2,1,0,0.95,1,20,9,C26,,
2017-10-24,000902,1,22671,51,49,1,0.75,2,6,8,C26,,
2017-09-11,000903,1,2723,2,2,0,0.32,2,116,0,C34,,
2017-12-07,000916,1,9311,6,6,2,0.7,2,89,16,G54,,
2017-10-30,000917,1,28950,46,26,5,0,1,2,27,I63,,
2017-10-15,000917,1,18588,7,3,0,2.33,1.5,21,79,I63,,
2017-11-29,000917,1,62246,76,50,21,0.2,2,128,318,I63,,
2017-06-09,000917,1,2768,2,0,3,3.05,1,43,366,I63,,
2017-05-17,000917,1,3349,3,2,2,2.99,1,43,366,I63,,
2017-11-22,000918,1,48007,92,0,4,2.41,1.5,33,151,K70,,
2017-12-22,000918,1,1645,1,0,0,0.82,2,82,70,K70,,
2017-12-01,000918,1,133832,188,165,32,0.01,1.5,1,29,K70,,
2017-06-21,000918,1,28186,19,0,13,1.87,1,81,340,K70,,
2017-12-06,000919,1,42752,80,13,6,3.55,1,43,366,C27,,
2017-12-08,000919,1,7946,12,12,3,5.8,1,102,6,C27,,
2017-10-19,000922,1,6063,2,2,0,9.48,2,90,311,C38,,
2017-10-16,000922,1,1413,4,4,1,2.33,1,27,344,C38,,
2017-10-03,000922,1,14147,31,16,7,0.04,2,53,325,C38,,
2017-06-15,000926,1,8938,14,7,4,0.52,1.5,41,317,K70,,
2017-03-24,000926,1,1077,6,4,0,1.45,1,6,391,K70,,
2017-10-19,000928,2,1193.5,0.5,0.5,0,1.9,1,142.5,41.5,E48,,
2017-10-12,000930,1,5699,11,3,3,9.33,2,9,357,C26,,
2017-11-23,000933,1,6897,8,3,2,0.02,2,102,364,C32,,
2017-10-20,000933,1,7220,7,2,4,6.12,1,46,353,C32,,
2017-10-24,000933,1,143012,74,32,19,2.39,1.5,205,327,C32,,
2017-09-10,000933,1,1610,0,0,2,1.73,0.5,8,119,C32,,
2017-04-02,000936,1,2961,1,1,0,3.33,1,33,38,C28,,
2017-04-16,000936,1,2191,1,1,0,3.37,1,33,38,C28,,
2017-12-02,000936,2,83492,41,9,11,1.41,2.25,38,209,C28,,
2017-03-06,000936,1,2976,2,2,0,3.26,1,33,38,C28,,
2017-08-26,000938,1,445129,629,294,26,0.14,2,7,361,C39,,
2017-07-10,000939,1,34118,6,6,9,2.42,1,3,0,D44,,
2017-12-11,000939,1,9702,8,4,0,3.07,1.5,22,109,D44,,
2017-03-07,000939,1,4153,4,4,2,3.77,1.5,30,16,D44,,
2017-12-30,000949,1,7376,3,3,2,3.39,2,282,354,C28,,
2017-10-26,000949,1,3594,10,8,0,0.33,2,44,390,C28,,
2017-12-20,000949,1,3363,6,5,0,0.48,2,44,393,C28,,
2017-07-21,000949,1,2836,1,1,1,0.06,2,44,390,C28,,
2017-09-01,000949,1,5281,6,4,0,0.18,2,44,390,C28,,
2017-07-14,000951,1,3338,7,2,2,9.46,0.5,5,123,C36,,
2017-12-26,000958,1,9891,20,10,3,4.46,2,25,319,D44,,
2017-04-06,000958,1,1692,3,2,1,1.87,2,114,55,D44,,
2017-12-11,000960,1,20010,35,4,4,3.75,2,115,389,C32,,
2017-10-09,000965,1,6479,11,11,0,4.13,2,54,22,K70,,
2017-09-25,000965,1,8146,22,12,7,3.23,2,49,196,K70,,
2017-09-27,000965,1,14451,7,5,2,0,1,4,37,K70,,
2017-09-21,000965,1,2396,1,1,1,7.81,2,653,380,K70,,
2017-06-22,000965,1,4104,9,9,6,2.01,2,84,3,K70,,
2017-03-18,000968,1,71921,69,22,23,0.25,2,98,335,B07,,
2017-10-28,000969,1,4001,4,3,0,0.03,0.5,2,217,C33,,
2017-12-22,000969,1,2804,1,1,1,3.1,2,84,385,C33,,
2017-09-07,000970,1,2074,0,0,0,10.36,0,15,10,C39,,
2017-04-19,000971,1,2958,4,3,0,2.07,1.5,130,324,I65,,
2017-10-19,000977,1,5084,1,1,0,0.42,2,229,0,C39,,
2017-12-14,000977,1,16487,3,3,2,1.84,1.5,336,318,C39,,
2017-03-17,000977,1,5131,3,2,2,1.21,0.5,2,66,C39,,
2017-03-16,000977,1,15129,26,17,4,1.99,2,112,341,C39,,
2017-10-27,000979,1,3744,6,6,1,2.73,0,176,309,K70,,
2017-10-17,000979,1,261234,4327,3944,26,0,1.5,3,379,K70,,
2017-09-07,000979,1,9692,7,6,0,1.74,1.5,22,88,K70,,
2017-04-26,000979,1,14004,36,30,5,0.65,2,233,394,K70,,
2017-01-18,000979,1,10926,3,3,0,4.08,1,30,6,K70,,
2017-11-17,000980,1,12222,19,0,3,0.39,0,526,354,C36,,
2017-08-25,000983,1,2181,1,0,1,2.35,2,61,380,B06,,
2017-09-10,000983,1,2936,3,0,1,2.39,2,61,380,B06,,
2017-06-23,000993,1,5462,5,5,2,0.1,1.5,59,0,D44,,
2017-04-27,000993,1,106178,59,59,15,0.81,1.5,7,390,D44,,
2017-12-29,000997,1,11786,17,17,6,4.62,2,584,322,I65,,
2017-02-21,001696,1,3452,2,1,1,3.94,1.5,11,144,C37,,
2017-07-17,002001,1,2,0,0,0,0.87,2,46,9,C27,,
2017-05-23,002001,1,3,0,0,0,1.48,2,115,101,C27,,
2017-05-04,002001,1,115030,140,27,47,0.19,2,130,369,C27,,
2017-09-07,002002,1,1326,1,0,0,7.41,1.5,31,21,C26,,
2017-09-19,002002,1,2578,2,0,2,2.29,1.5,183,78,C26,,
2017-09-26,002002,1,1241,0,0,0,0.04,1,28,0,C26,,
2017-10-06,002002,1,11937,3,0,1,2.39,2,47,329,C26,,
2017-10-31,002002,1,6657,19,18,10,0.23,1,11,8,C26,,
2017-12-07,002002,1,35419,22,6,5,3,2,125,177,C26,,
2017-04-10,002005,1,28240,76,69,44,0.36,0,88,146,C38,,
2017-03-18,002005,1,1905,2,1,0,1.43,1,6,391,C38,,
2017-10-11,002007,1,10765,26,8,5,0.1,2,66,399,C27,,
2017-11-22,002008,1,12908,42,8,2,2.63,2,189,335,C35,,
2017-05-15,002013,1,74120,37,32,11,2.04,2,28,30,C37,,
2017-12-11,002016,2,5167,16,8,0,1.92,1,35,24,K70,,
2017-09-13,002016,1,17762,4,4,1,0.32,2,106,0,K70,,
2017-01-17,002019,1,1298,2,1,0,1.63,0.5,6,12,C27,,
2017-11-09,002024,1,2165,7,0,1,0.45,0,30,163,F52,,
2017-04-14,002027,1,5494,5,4,3,1.47,2,141,253,L72,,
2017-04-15,002035,1,11764,33,1,2,0.28,2,51,338,C38,,
2017-12-18,002038,2,105741.5,113,79.5,6.5,1.32,2,24,380,C27,,
2017-12-04,002038,1,3474,4,3,3,4.47,1.5,52,324,C27,,
2017-12-21,002038,1,35277,93,80,4,1.32,2,24,380,C27,,
2017-10-26,002038,1,84305,14,14,33,4.58,0,453,0,C27,,
2017-08-18,002038,1,7677,5,0,1,0.1,1,6,24,C27,,
2017-08-29,002038,1,175177,83,77,8,1.01,2,24,380,C27,,
2017-10-24,002038,1,15233,36,8,2,0.8,2,20,192,C27,,
2017-08-02,002039,1,8747,62,35,10,0.18,2,24,319,D44,,
2017-12-17,002049,1,22033,6,6,0,0.1,2,211,374,C39,,
2017-06-25,002053,1,4878,4,3,6,0.02,2,5,58,C14,,
2017-05-11,002060,1,5531,7,5,6,0.11,1.5,13,335,E48,,
2017-09-30,002064,1,38546,43,21,7,3.57,1.5,14,52,C28,,
2017-11-10,002067,1,3043,2,1,0,3.92,1.5,204,118,C22,,
2017-12-25,002073,1,24458,6,0,29,4.75,0,2696,0,C35,,
2017-04-24,002073,1,1012678,1074,642,107,0.47,2,300,386,C35,,
2017-11-29,002074,1,1335,2,2,1,0.01,0.5,2,21,C38,,
2017-09-25,002076,1,8067,20,0,0,0,1,4,6,C38,,
2017-08-17,002077,1,99861,13,13,4,4.39,0,1255,0,K70,,
2017-07-06,002080,1,16026,7,0,7,4.28,0,1344,0,C30,,
2017-09-21,002085,1,6555,7,3,3,7.04,2,34,392,C36,,
2017-12-12,002086,1,23070,4,0,0,0.57,1.5,53,0,A04,,
2017-12-29,002086,1,26229,6,0,1,0.61,1.5,53,0,A04,,
2017-03-28,002088,1,3008,2,2,1,2.6,1.5,170,278,C30,,
2017-11-18,002089,1,3705,1,1,1,1.52,2,237,276,C39,,
2017-09-14,002089,1,1535,1,0,0,4.24,1.5,18,93,C39,,
2017-08-04,002092,1,1969,1,1,2,0.36,2,272,120,C26,,
2017-05-25,002097,1,325815,728,203,49,3.03,2,6,331,C35,,
2017-11-16,002102,1,6730,6,5,5,1.21,2,92,113,C27,,
2017-10-26,002104,2,62300.5,243,117,18.5,1.19,1.75,120,176,C39,,
2017-03-30,002106,1,57904,217,99,26,3.38,1.5,1940,310,C39,,
2017-03-15,002106,1,1407,1,1,1,0.55,1.5,588,375,C39,,
2017-06-29,002106,1,2107,2,2,0,2.03,0.5,242,376,C39,,
2017-06-23,002106,1,6925,23,19,5,0.82,1.5,590,323,C39,,
2017-06-07,002106,1,2076,4,4,1,1.97,0.5,242,376,C39,,
2017-08-30,002106,1,3751,7,7,4,1.58,0.5,237,304,C39,,
2017-08-29,002106,1,5564,14,15,4,0,2,233,209,C39,,
2017-08-28,002106,1,5990,13,13,5,1.57,0.5,237,304,C39,,
2017-08-27,002106,1,3016,2,2,1,1.57,0.5,237,304,C39,,
2017-09-06,002106,1,8778,34,31,8,1.6,0.5,240,304,C39,,
2017-10-13,002106,1,3473,15,0,1,0.08,2,120,100,C39,,
2017-10-27,002106,1,3376,14,14,3,0.02,1,6,7,C39,,
2017-10-30,002106,1,6723,9,9,0,0.59,2,114,239,C39,,
2017-11-08,002106,1,5471,14,14,0,1.83,2,36,101,C39,,
2017-03-20,002109,1,24042,118,113,16,2.03,1.5,628,376,C26,,
2017-09-26,002111,1,1252,1,1,0,2.53,1.5,66,101,C35,,
2017-11-21,002115,1,4682,1,1,3,2.62,0.5,1,6,C39,,
2017-06-09,002122,1,70531,78,78,23,2.42,0,464,391,C34,,
2017-12-22,002123,1,3730,5,0,2,0.37,2,115,240,I65,,
2017-12-13,002125,1,756,1,0,0,2.65,1.5,299,361,C26,,
2017-07-24,002125,2,18967.5,48.5,0,6.5,1.68,1.25,51.5,160.5,C26,,
2017-08-27,002128,1,5584,15,0,2,0.36,0,1057,345,B06,,
2017-11-27,002129,1,9730,10,10,2,4.29,0,3,0,C38,,
2017-12-01,002129,1,11603,17,10,1,0,2,50,351,C38,,
2017-12-04,002129,2,13133.5,12,4,3.5,0.01,2,52,377,C38,,
2017-09-13,002130,1,8711,12,4,2,1.54,1.5,353,379,C39,,
2017-06-09,002131,1,4283,7,7,3,1.25,1.5,13,66,I64,,
2017-06-16,002131,1,114580,51,48,18,0.12,1.5,15,133,I64,,
2017-06-18,002131,1,15654,32,28,15,1.28,1.5,13,68,I64,,
2017-08-20,002131,1,3218,10,3,5,0.02,2,166,355,I64,,
2017-01-16,002131,1,10679,28,12,35,1.2,2,123,98,I64,,
2017-01-24,002131,4,60361.25,95.25,65.5,17.75,1.19,2.38,983,188,I64,,
2017-02-09,002131,1,25370,65,37,10,0.08,2,186,221,I64,,
2017-02-20,002131,1,15513,59,17,3,1.57,1.5,19,217,I64,,
2017-02-28,002131,1,15542,45,11,4,1,2,253,367,I64,,
2017-05-20,002131,1,17268,32,26,15,0.16,1,2,17,I64,,
2017-05-02,002133,1,11789,10,8,5,1.65,0.5,137,171,K70,,
2017-01-03,002143,1,22820,54,35,4,1.65,2,4,14,L72,,
2017-08-09,002145,1,2844,8,4,2,2.8,2,133,256,C26,,
2017-08-29,002148,1,3224,1,1,0,4.1,1,51,23,I65,,
2017-12-11,002148,1,1739,1,1,1,0.99,2,98,382,I65,,
2017-07-05,002150,1,2540,10,3,2,0.99,2,45,326,C33,,
2017-12-29,002155,1,7759,15,0,8,8.36,2,546,303,B09,,
2017-08-14,002157,1,60639,141,80,43,2.03,1.5,9,122,C13,,
2017-04-18,002157,1,25046,64,63,51,3.02,1.5,14,60,C13,,
2017-09-09,002158,1,10142,8,7,4,1.77,1,235,373,C34,,
2017-08-15,002159,1,7705,0,0,0,2.9,1,134,0,N78,,
2017-12-08,002161,1,6918,12,0,0,3.36,2,175,340,C39,,
2017-06-29,002164,1,4291,18,7,2,1.63,1.5,27,56,C34,,
2017-10-31,002165,1,5966,8,7,3,1.04,1,4,29,C26,,
2017-10-19,002167,1,264863,266,262,42,0.07,2,43,65,C32,,
2017-03-22,002167,1,17955,46,45,12,3.81,1.5,30,56,C32,,
2017-01-10,002167,2,6791,23,11.5,5,1.62,1,42,29,C32,,
2017-12-06,002174,1,11277,73,5,3,2.31,2,121,307,I64,,
2017-01-05,002174,1,12294,37,11,1,1.39,2,121,307,I64,,
2017-01-06,002174,1,19716,34,11,1,1.39,2,121,307,I64,,
2017-05-06,002176,1,9842,4,3,6,7.07,1,1,0,C38,,
2017-12-05,002183,1,7028,2,1,3,2.15,1,13,88,L72,,
2017-07-26,002184,1,3963,1,1,0,0.19,1.5,74,0,C38,,
2017-08-30,002184,1,7584,0,1,0,0.28,1.5,74,0,C38,,
2017-09-12,002184,1,15974,4,4,4,0.32,1.5,74,0,C38,,
2017-09-15,002184,1,7858,2,2,0,0.33,1.5,74,0,C38,,
2017-09-21,002184,2,11425,2.5,2.5,0.5,0.34,1.5,74,0,C38,,
2017-11-10,002185,1,10018,4,4,0,0.05,2,92,314,C39,,
2017-07-19,002186,1,5048,8,6,0,0,0,87,362,H62,,
2017-07-21,002186,1,6117,31,16,0,0.9,1,7,51,H62,,
2017-07-13,002186,1,2789,5,5,0,0.21,2,117,379,H62,,
2017-03-08,002191,1,8301,10,5,2,1.24,1.5,22,88,C23,,
2017-09-07,002191,1,3995,2,0,0,1.74,1.5,22,88,C23,,
2017-10-31,002191,1,12968,18,11,3,2.32,1,29,57,C23,,
2017-04-23,002192,1,16328,13,9,5,1.8,1,47,103,C39,,
2017-11-03,002192,1,19435,27,25,15,0.16,1.5,2,2,C39,,
2017-11-04,002192,1,20805,42,42,10,0.16,1.5,2,2,C39,,
2017-12-20,002192,2,7947,17,1,4,1.14,1.75,167.5,343.5,C39,,
2017-12-26,002192,1,3949,9,3,1,0.3,1,7,290,C39,,
2017-09-29,002193,1,22160,5,3,0,2.61,1,37,87,C17,,
2017-11-26,002195,1,26898,55,44,9,1.22,2,276,340,I65,,
2017-12-08,002195,1,26221,95,47,7,3.45,2,241,387,I65,,
2017-11-14,002195,1,5131,9,3,3,0.3,2,115,330,I65,,
2017-05-08,002195,4,3239.75,5.5,5.5,1,1.98,2,265,386,I65,,
2017-05-03,002195,5,3188.8,2.8,2.6,0.2,1.96,2,255,375,I65,,
2017-09-12,002202,1,244151,503,216,31,2.63,2,77,384,C34,,
2017-06-08,002203,1,5233,1,1,2,0.05,1.5,75,0,C32,,
2017-07-28,002203,1,9284,9,9,1,0.19,1.5,75,0,C32,,
2017-09-12,002212,1,2859,0,0,0,0.85,2,252,83,C38,,
2017-06-02,002219,1,6214,16,12,6,3.91,1.5,30,130,C27,,
2017-09-25,002221,1,619728,717,122,47,2.46,2,31,384,F51,,
2017-11-25,002222,1,30017,47,45,5,5.06,1.5,135,266,C39,,
2017-05-23,002229,1,2276,1,1,1,0.77,0.5,2,6,C23,,
2017-11-24,002230,1,27610,54,41,10,1.24,2,674,387,I65,,
2017-11-26,002230,2,44707,77.5,59.5,18.5,2.66,2,389.5,357.5,I65,,
2017-12-14,002230,1,69937,297,189,21,3.05,1,17,347,I65,,
2017-12-16,002230,1,5478,11,9,9,2.46,2,265,378,I65,,
2017-12-29,002230,1,106770,108,71,31,4.59,2,72,163,I65,,
2017-09-05,002230,2,16061,38,18.5,9.5,3.88,1.25,295,373,I65,,
2017-11-13,002230,1,1415,2,0,4,6.21,1.5,16,317,I65,,
2017-08-24,002230,1,348868,427,0,109,8.58,2,6,239,I65,,
2017-10-16,002230,1,328914,427,424,33,2.62,1.5,9,12,I65,,
2017-08-05,002233,1,8535,3,3,3,0.06,1,18,5,C30,,
2017-05-31,002233,1,3,0,0,1,0.04,2,57,61,C30,,
2017-12-21,002236,1,4470,3,0,0,2.5,1.5,132,299,C39,,
2017-11-27,002239,1,16349,20,13,9,2.7,1,8,34,C36,,
2017-12-31,002241,1,7499,11,9,2,3.81,1.5,59,184,C39,,
2017-03-13,002243,1,3616,2,1,2,2.45,1,31,46,C29,,
2017-12-28,002244,1,47247,48,44,12,1.1,2,27,175,K70,,
2017-12-26,002247,1,17613,8,8,5,1.21,1.5,363,319,C41,,
2017-12-23,002249,1,18826,13,9,10,2.99,2,59,301,C38,,
2017-10-30,002249,1,6769,4,4,0,3.33,2,1125,327,C38,,
2017-11-15,002249,1,3634,3,3,1,0.43,1,36,6,C38,,
2017-10-10,002253,1,2493,0,0,0,10.2,2,71,51,I65,,
2017-10-25,002264,1,2908,0,1,0,3.88,1,4,76,F52,,
2017-11-03,002275,1,18163,13,13,0,1.11,1,11,1,C27,,
2017-05-27,002275,1,2,0,0,0,1.55,1,8,14,C27,,
2017-12-25,002276,1,2677,1,0,1,1.03,0,59,312,C38,,
2017-10-19,002277,1,7133,12,1,1,2.27,1.5,6611,353,F52,,
2017-07-24,002277,1,2,0,0,0,0.16,2,107,74,F52,,
2017-07-31,002277,1,5,0,0,0,2.42,0.5,8,7,F52,,
2017-07-04,002280,1,944,1,1,2,3.24,1.5,17,7,I65,,
2017-06-22,002280,1,1148,1,1,0,1.48,0.5,5,13,I65,,
2017-06-20,002280,1,1625,2,1,2,2.51,1.5,36,259,I65,,
2017-10-04,002283,1,6584,2,1,0,3.64,1,64,37,C36,,
2017-02-26,002284,1,19190,14,6,5,0.1,1.5,39,352,C36,,
2017-12-20,002288,1,255652,306,296,26,0.32,1.5,7,377,C39,,
2017-11-03,002297,1,8315,2,2,0,5.64,1.5,75,84,C30,,
2017-07-21,002302,1,8370,8,7,3,7.7,1,6,4,C30,,
2017-04-28,002304,1,2481,3,0,4,7.01,1.5,54,172,C15,,
2017-07-19,002305,1,6074,19,10,9,3.25,2,147,347,K70,,
2017-08-19,002312,1,16162,10,8,2,0.01,1,4,8,C39,,
2017-09-19,002312,1,761,1,1,1,2.43,2,66,64,C39,,
2017-11-21,002312,1,9297,9,6,3,2.6,2,66,64,C39,,
2017-11-28,002312,1,8745,2,1,1,2.62,2,66,64,C39,,
2017-12-06,002312,1,6355,2,2,7,2.64,2,66,64,C39,,
2017-05-22,002312,1,7807,3,3,5,2.1,2,66,64,C39,,
2017-08-16,002312,1,658,1,1,1,2.33,2,66,64,C39,,
2017-05-24,002312,1,1977,1,1,1,2.1,2,66,64,C39,,
2017-04-23,002312,1,3573,5,4,0,0.15,1.5,27,64,C39,,
2017-06-04,002312,1,8109,4,4,1,2.13,2,66,64,C39,,
2017-08-04,002312,1,759,1,1,1,2.3,2,66,64,C39,,
2017-03-21,002312,1,1883,4,3,3,1.93,2,66,64,C39,,
2017-04-02,002312,1,15694,8,8,5,1.96,2,66,64,C39,,
2017-04-05,002312,1,4367,2,1,0,1.97,2,66,64,C39,,
2017-01-06,002313,1,78091,115,67,31,3.59,1.5,5,44,C39,,
2017-09-03,002314,1,1912,0,0,0,8.53,0.5,3,0,K70,,
2017-12-28,002315,1,10326,11,9,2,0.12,1.5,22,38,I64,,
2017-08-24,002315,1,8956,17,0,1,0.15,2,94,395,I64,,
2017-05-18,002320,1,6850,2,1,2,0.77,1.5,39,95,G55,,
2017-11-13,002323,1,7677,8,4,4,3.87,1.5,131,104,E50,,
2017-09-08,002325,1,7533,3,3,4,10.37,2,25,34,E50,,
2017-04-20,002325,1,53202,6,6,7,0,2,30,32,E50,,
2017-06-04,002325,1,2267,1,1,0,1.82,1,14,12,E50,,
2017-09-05,002330,1,5551,5,1,1,0.05,1.5,26,111,C13,,
2017-05-09,002340,1,10279,43,35,3,0.16,1.5,21,77,C42,,
2017-07-21,002342,1,9892,23,15,5,0.41,1.5,50,98,C33,,
2017-03-30,002342,1,13305,40,30,6,0.04,1.5,3,310,C33,,
2017-12-14,002344,1,9784,14,11,0,0,2,54,275,L72,,
2017-07-29,002344,1,11392,6,3,3,3.17,2,158,252,L72,,
2017-12-16,002352,1,32579,33,6,3,4.25,2,342,313,G60,,
2017-10-22,002352,1,11817,17,0,0,0.52,0,1057,345,G60,,
2017-02-27,002352,1,1488,3,3,0,3.24,1,33,38,G60,,
2017-12-05,002353,1,48283,50,0,20,2.49,2,38,169,C35,,
2017-08-27,002354,3,282338,782,396.33,16.67,3.42,1.33,41.33,100.67,I64,,
2017-08-25,002354,8,262927.63,722,279.63,15.75,2.88,2.43,910.57,303.86,I64,,
2017-08-21,002354,2,159223.5,645,631,7,3.02,2,6,105,I64,,
2017-08-20,002354,5,280257.8,795.6,315.2,17.2,1.7,2,389,377,I64,,
2017-08-19,002354,1,6784,10,7,1,4.66,2,25,350,I64,,
2017-11-13,002354,1,4853,1,1,0,0.49,2,336,0,I64,,
2017-12-28,002354,1,11279,13,12,2,1.13,1,11,5,I64,,
2017-05-12,002354,3,263311.33,734.67,489,21.33,0.02,2.25,39.5,330.5,I64,,
2017-07-03,002354,1,290945,839,794,26,3.52,2,2353,367,I64,,
2017-08-05,002354,1,42270,354,354,5,10.28,1.5,76,35,I64,,
2017-09-06,002361,1,596160,402,122,27,3.15,2,76,387,C26,,
2017-12-19,002361,1,126345,29,26,4,4.44,1.5,14,266,C26,,
2017-09-16,002362,1,1785,0,0,0,2.62,0,4,9,C39,,
2017-12-05,002365,1,7182,8,0,1,2.96,0,346,318,C27,,
2017-10-19,002365,1,7966,7,2,3,3.07,2,75,300,C27,,
2017-11-12,002365,1,3411,4,4,0,3.15,2,368,241,C27,,
2017-06-23,002372,1,4147,13,10,4,0.05,1.5,40,312,C29,,
2017-07-28,002378,1,30091,51,6,11,0.04,1.5,25,100,C32,,
2017-09-14,002378,1,8802,4,4,0,1.33,1.5,44,192,C32,,
2017-10-15,002389,1,1205879,2150,1657,97,2.45,2,12,398,C39,,
2017-12-06,002390,1,237926,182,31,33,6.34,1,10,315,C27,,
2017-05-24,002392,1,1335,1,0,1,0.67,2,15,1,C30,,
2017-05-23,002392,1,3518,12,1,1,3.43,2,63,365,C30,,
2017-11-13,002396,1,6220,4,4,1,0.19,1.5,49,0,C39,,
2017-11-16,002396,1,25229,52,32,5,0.6,1.5,7,32,C39,,
2017-11-26,002396,1,14103,24,10,3,2.04,2,64,320,C39,,
2017-11-29,002396,4,19031.25,20.5,10.5,4.25,1.46,2,20.5,177.5,C39,,
2017-12-03,002396,1,6769,7,0,0,2.06,2,64,320,C39,,
2017-12-07,002396,1,9115,5,4,0,4.76,2,297,388,C39,,
2017-10-30,002396,1,4580,3,1,1,3.26,1.5,179,380,C39,,
2017-05-31,002400,1,6,0,0,0,3.12,0,25,39,L72,,
2017-09-21,002402,1,2872,2,1,1,0.73,0.5,19,164,C39,,
2017-09-05,002405,1,4705,10,0,0,1.65,2,121,301,I65,,
2017-06-26,002408,1,8388,15,10,0,0.17,1.5,8,314,C26,,
2017-12-20,002410,1,29873,22,10,10,0.01,2,43,50,I65,,
2017-09-16,002415,1,47369,0,0,0,0,0.5,4,0,C39,,
2017-05-31,002415,1,4502,4,4,0,0.31,1,15,22,C39,,
2017-07-10,002415,1,2177,0,0,0,0.01,1,5,8,C39,,
2017-07-20,002418,1,4363,5,4,2,2.59,0.5,5,135,C34,,
2017-04-20,002419,1,2265,1,1,0,0,2,75,241,F52,,
2017-07-27,002419,1,41587,145,53,24,2.02,1.5,125,313,F52,,
2017-08-22,002421,1,12057,4,4,0,2.35,1.5,60,6,I65,,
2017-11-06,002423,1,13646,6,4,1,2.5,2,112,133,C35,,
2017-11-23,002424,1,3004,3,2,0,0.18,2,99,322,C27,,
2017-08-22,002424,2,8542,13.5,6,4.5,0.61,2,98.5,341,C27,,
2017-08-24,002426,1,254557,105,107,22,4.41,0,1827,0,C39,,
2017-09-17,002429,1,2,0,0,0,0,0.5,3,2,C39,,
2017-11-26,002431,1,7213,4,1,2,0.07,1,7,37,E48,,
2017-11-15,002433,1,16630,9,0,4,0.36,1.5,12,30,C27,,
2017-10-26,002444,1,46771,91,40,11,6.51,1.5,31,365,C33,,
2017-08-16,002445,1,24782,3,0,2,4.39,0,1793,0,R86,,
2017-05-04,002446,1,13289,52,0,5,2.41,1.5,22,16,C39,,
2017-08-14,002446,2,2290.5,2,2,2.5,2.3,2,196,359,C39,,
2017-08-15,002446,1,5658,6,6,7,2.3,2,196,359,C39,,
2017-10-17,002446,1,12568,52,0,2,0.07,1,33,2,C39,,
2017-10-18,002446,2,14300,60.5,0,2,2.45,1.25,45.5,4.5,C39,,
2017-10-25,002446,2,16204.5,65,0,4,4.09,1.5,61,13,C39,,
2017-10-26,002446,1,15107,56,56,2,2.3,1,49,17,C39,,
2017-12-18,002447,1,40267,64,46,18,1.09,2,34,158,A04,,
2017-11-14,002449,1,3270,3,0,1,1.07,1,118,362,C39,,
2017-12-15,002450,1,12778,6,6,1,3.03,1.5,4,4,C29,,
2017-10-27,002450,3,99367,7.67,2.33,16.67,4.59,2.25,1379.5,0,C29,,
2017-08-03,002450,1,33896,26,26,14,0.24,0,48,64,C29,,
2017-08-11,002450,1,3780,5,3,0,1.99,0,224,275,C29,,
2017-07-30,002450,1,2969,8,4,1,1.09,0,73,134,C29,,
2017-07-29,002450,1,24320,35,35,29,2.06,2,6,12,C29,,
2017-02-20,002451,1,14622,21,11,2,0.96,1,4,10,C38,,
2017-12-14,002456,1,4302,4,2,0,3.14,2,84,279,C39,,
2017-08-21,002458,1,2618,1,1,0,1.58,0.5,2,24,A03,,
2017-11-14,002460,1,29372,41,23,16,10.59,2,13,77,C32,,
2017-12-28,002460,1,11868,15,2,8,3.91,0,90,291,C32,,
2017-10-12,002460,1,3558,4,3,1,2.86,1,52,32,C32,,
2017-09-26,002461,1,3930,12,12,0,0.04,0,33,0,C15,,
2017-12-15,002462,1,17985,24,8,3,1.1,0.5,1,28,F51,,
2017-11-30,002464,1,5791,2,1,6,4.5,1.5,41,61,I64,,
2017-09-02,002465,1,2397,4,4,0,0.54,2,72,108,C39,,
2017-10-17,002465,1,2782,4,4,0,0.67,2,72,108,C39,,
2017-10-10,002466,1,2148,4,3,1,1.96,2,541,304,C32,,
2017-08-21,002466,1,984,1,1,1,0.53,1,15,22,C32,,
2017-06-18,002466,1,2654,4,0,1,0.42,2,52,316,C32,,
2017-10-14,002466,1,3984,21,7,3,1.97,2,541,304,C32,,
2017-10-07,002466,1,2153,3,3,1,1.95,2,547,331,C32,,
2017-12-20,002466,1,15405,12,4,1,2.49,1.5,132,299,C32,,
2017-12-15,002466,1,5590,13,0,0,0.92,2,52,316,C32,,
2017-08-11,002466,1,4241,10,8,4,2.2,2,188,326,C32,,
2017-06-13,002477,1,1450,1,0,1,0.33,1,15,188,A03,,
2017-04-13,002477,1,932,1,1,1,1.42,0,2,22,A03,,
2017-06-15,002478,1,4131,1,1,2,0.07,2,59,0,C33,,
2017-05-31,002485,1,102708,186,79,39,1.13,2,436,325,C18,,
2017-09-20,002485,1,9163,12,12,1,1.82,2,12,242,C18,,
2017-11-17,002488,1,5008,3,2,1,2.59,2,320,323,C36,,
2017-06-15,002488,1,4246,3,3,3,0.85,2,13,50,C36,,
2017-12-25,002491,1,31919,26,12,12,2.53,2,74,372,C38,,
2017-09-22,002494,1,34882,27,0,4,1.84,1.5,167,345,C19,,
2017-12-25,002494,1,20248,15,6,2,0.13,1.5,16,184,C19,,
2017-12-13,002497,1,15581,49,21,0,2.75,1.5,454,334,C26,,
2017-03-20,002497,1,5094,5,1,2,5.19,1.5,11,137,C26,,
2017-07-08,002497,1,1128,0,0,0,0,0,1,0,C26,,
2017-11-13,002502,1,1852,0,0,0,0.41,2,161,245,R86,,
2017-11-01,002502,1,12292,15,7,2,0.38,2,161,245,R86,,
2017-09-05,002502,1,3025,0,0,0,0.42,2,288,12,R86,,
2017-07-24,002502,1,13579,13,2,7,4.19,2,220,339,R86,,
2017-07-07,002502,1,2169,1,1,3,0.21,2,158,89,R86,,
2017-07-06,002502,1,6144,9,8,5,0.28,1.5,71,130,R86,,
2017-07-12,002502,1,3286,2,2,8,1.91,1.5,34,34,R86,,
2017-05-03,002502,1,28287,37,17,6,0.76,2,250,370,R86,,
2017-12-28,002502,1,3074,0,0,0,3.89,2,110,143,R86,,
2017-12-08,002502,1,3821,1,1,0,1.53,2,82,179,R86,,
2017-07-24,002505,1,30527,25,24,20,0.29,2,124,90,A03,,
2017-10-18,002505,1,24222,38,9,8,4.79,1.5,26,185,A03,,
2017-03-03,002506,1,1017,0,0,0,0.13,1.5,44,63,C39,,
2017-02-21,002506,1,930,1,1,1,0.1,1.5,44,63,C39,,
2017-01-19,002506,1,929,2,2,0,0.01,1.5,44,63,C39,,
2017-02-01,002506,1,3041,1,1,1,1.55,1.5,57,351,C39,,
2017-11-22,002506,1,4378,4,2,1,3.14,0.5,3,11,C39,,
2017-10-17,002506,1,1326,0,0,1,0.75,1.5,44,63,C39,,
2017-10-18,002506,1,1295,2,2,0,0.76,1.5,44,63,C39,,
2017-09-28,002506,1,2429,1,0,1,0.7,1.5,44,63,C39,,
2017-10-04,002506,1,23740,22,10,2,0.01,1.5,15,89,C39,,
2017-10-26,002506,1,739,2,2,0,0.78,1.5,44,63,C39,,
2017-11-07,002506,1,2271,1,1,0,0.81,1.5,44,63,C39,,
2017-11-06,002506,1,2255,1,1,1,0.81,1.5,44,63,C39,,
2017-11-08,002506,2,2945.5,1,1,1.5,0.81,1.5,44,63,C39,,
2017-12-28,002506,1,2413,3,3,3,0.75,2,260,145,C39,,
2017-12-23,002506,1,6151,5,4,2,2.44,1.5,57,351,C39,,
2017-05-23,002508,1,3,0,0,0,1.41,1,1,36,C38,,
2017-04-15,002508,1,10742,35,7,8,0.28,2,51,338,C38,,
2017-06-16,002509,1,14796,11,11,9,0.22,1.5,6,19,C35,,
2017-12-27,002510,1,3809,3,3,2,0.18,1,12,303,C36,,
2017-01-11,002510,1,1798,2,0,1,0.13,1,30,33,C36,,
2017-05-22,002513,1,2910,3,2,2,2.85,1,8,51,C26,,
2017-12-01,002518,1,24245,6,0,1,4.68,0,2320,0,C38,,
2017-11-01,002518,1,32172,7,0,2,4.6,0,2320,0,C38,,
2017-08-08,002518,1,15661,3,0,0,4.37,0,2320,0,C38,,
2017-06-15,002518,1,60984,107,106,35,0.85,1.5,39,95,C38,,
2017-12-29,002529,1,29146,26,3,2,0.68,0,73,337,C34,,
2017-12-01,002539,1,11050,11,11,1,2.45,2,125,122,C26,,
2017-05-23,002543,2,9941,5.5,4.5,12,1.21,1,3,18,C38,,
2017-05-27,002544,1,2,0,0,0,0,0,0,0,I65,,
2017-09-18,002545,1,27788,46,0,4,3.13,1,346,308,C33,,
2017-08-25,002545,1,11242,19,6,3,3.07,1.5,373,348,C33,,
2017-08-23,002545,1,41174,90,0,9,3.06,1,346,308,C33,,
2017-09-05,002545,1,19437,53,24,7,3.1,1.5,373,348,C33,,
2017-03-27,002548,1,3024,2,2,2,3.92,2,36,54,C13,,
2017-06-26,002553,1,295083,229,229,46,4.46,2,99,8,C34,,
2017-09-20,002554,1,18429,23,4,6,0,1,4,125,B11,,
2017-08-26,002556,1,5519,3,3,0,2.94,1,61,326,F52,,
2017-04-20,002556,2,4559,1.5,1.5,3.5,6.21,2.25,74,334.5,F52,,
2017-03-09,002556,1,25345,43,17,7,2.65,2,52,371,F52,,
2017-12-17,002563,1,18978,14,2,0,2.37,1.5,196,367,C18,,
2017-10-17,002565,1,1589,2,2,1,2.25,1.5,57,351,C22,,
2017-11-20,002565,1,7306,1,0,2,0.01,2,157,366,C22,,
2017-08-16,002565,1,28996,27,23,6,0,2,42,107,C22,,
2017-05-29,002567,1,28604,26,8,7,0.02,2,61,36,C13,,
2017-12-06,002570,1,2578,2,2,1,3.01,2,65,393,C14,,
2017-12-27,002570,1,6331,7,4,5,0,2,94,102,C14,,
2017-11-23,002570,1,2735,3,2,0,0.08,1.5,27,53,C14,,
2017-12-28,002574,1,15349,13,0,5,2.12,1.5,254,289,C41,,
2017-12-12,002574,1,35392,10,10,3,0.57,1.5,81,0,C41,,
2017-12-20,002580,3,18325,17.33,13.33,1.67,1.27,1,29.5,235,C38,,
2017-11-27,002580,1,19063,9,7,5,2.12,2,89,90,C38,,
2017-12-05,002588,1,21345,28,0,1,0.44,0,24,174,C26,,
2017-04-16,002594,1,14374,37,30,8,2.04,2,12,142,C36,,
2017-07-05,002600,1,4661,4,2,2,0.19,2,61,378,C39,,
2017-08-23,002600,1,1395,3,1,0,2.94,0,444,347,C39,,
2017-09-05,002600,1,4697,8,4,5,2.97,0,444,347,C39,,
2017-10-20,002615,1,5272,40,16,1,0.13,1.5,55,372,C33,,
2017-10-23,002615,1,2880,9,5,0,0.14,2,66,399,C33,,
2017-10-25,002615,1,3248,3,2,0,0.14,2,66,399,C33,,
2017-10-17,002615,1,5408,17,10,0,0.12,2,66,399,C33,,
2017-10-18,002615,1,4108,15,9,0,0.12,2,66,399,C33,,
2017-05-29,002616,2,3,0,0,1,2.11,0.5,5,10,C38,,
2017-03-13,002619,1,222460,380,141,60,2.01,2,17,386,I64,,
2017-02-14,002620,1,9568,13,13,3,1.14,2,76,41,E50,,
2017-11-21,002623,1,31036,1,0,1,4.52,0.5,8,6,C30,,
2017-12-26,002639,1,10151,1,0,0,0.61,0,109,0,C34,,
2017-10-15,002639,1,1151,1,0,1,0.72,1.5,37,24,C34,,
2017-08-25,002643,1,7084,1,1,1,0.27,2,309,0,C26,,
2017-12-12,002646,1,7680,1,0,0,0,1,10,33,C15,,
2017-12-20,002649,1,2460,2,2,3,0.83,2,475,96,I65,,
2017-11-23,002649,1,360002,513,80,28,0.74,2,37,350,I65,,
2017-06-08,002649,1,3047,4,2,0,3.43,2,407,348,I65,,
2017-03-23,002649,1,1216,1,1,2,3.55,0.5,1,142,I65,,
2017-10-11,002662,1,2478,2,0,0,1.23,1.5,20,75,C36,,
2017-05-24,002663,1,7876,16,16,15,2.36,2,210,157,E48,,
2017-04-18,002664,1,1434,4,4,4,2.01,1.5,27,356,C36,,
2017-03-01,002664,1,4193,1,1,0,1.88,2,46,68,C36,,
2017-03-20,002668,1,24537,15,0,3,3.98,0,726,0,C38,,
2017-06-21,002668,2,23217,10,10,3.5,2.17,0.5,374.5,0,C38,,
2017-10-25,002668,1,23721,7,0,1,4.58,0,726,0,C38,,
2017-02-24,002668,1,12473,14,14,1,3.92,0,728,0,C38,,
2017-10-13,002671,1,6454,3,1,3,2,1,55,333,C30,,
2017-10-13,002672,1,24035,43,28,6,2.21,2,1021,341,C42,,
2017-08-11,002672,1,3589,1,1,0,0.23,2,177,0,C42,,
2017-08-17,002677,1,343123,448,189,84,4.36,2,181,372,C38,,
2017-11-27,002677,1,5569,1,1,1,0.76,2,257,31,C38,,
2017-12-11,002677,1,3731,1,1,1,0.03,0.5,28,32,C38,,
2017-12-23,002682,1,12156,10,9,1,2.67,0,2147,62,G54,,
2017-12-01,002701,1,37134,53,21,16,2.41,1.5,46,314,C33,,
2017-08-25,002737,1,382963,266,79,32,3.12,2,76,345,C27,,
2017-08-28,002737,1,24261,31,28,5,0.18,2,26,204,C27,,
2017-07-19,002739,1,10621,31,20,1,0.16,2,145,315,R86,,
2017-11-16,002742,1,1396,0,0,1,2.41,2,125,122,C30,,
2017-10-27,002742,1,5417,4,4,2,2.36,2,125,122,C30,,
2017-11-01,002742,1,1270,5,5,2,2.37,2,125,122,C30,,
2017-11-02,002747,2,3158,1.5,1.5,0,0.57,0,49,252,C40,,
2017-11-03,002747,1,4452,2,2,0,0,0.5,2,15,C40,,
2017-11-06,002747,1,3808,4,3,2,1.92,2,908,377,C40,,
2017-11-14,002747,1,5111,3,3,1,1.86,0.5,5,39,C40,,
2017-11-21,002747,1,2575,3,3,2,0.62,0,49,252,C40,,
2017-11-22,002747,1,3310,3,3,1,1.88,1,107,43,C40,,
2017-11-30,002747,2,3194,9.5,4,4.5,1.02,1.25,285.5,195.5,C40,,
2017-12-03,002747,1,2356,4,4,4,3.82,0,13,10,C40,,
2017-12-05,002747,1,3468,5,5,0,0.46,1.5,29,24,C40,,
2017-12-06,002747,2,3629.5,4.5,4.5,1,1.01,1.5,35,154,C40,,
2017-12-07,002747,1,4672,5,4,3,2.13,1,59,108,C40,,
2017-12-15,002747,1,3520,2,2,2,0.04,1,9,0,C40,,
2017-12-25,002747,3,3495,2.67,2.33,0.67,1.23,1.67,164,125.67,C40,,
2017-10-15,002747,2,3218.5,8.5,5,1,1.57,2.25,253.5,337,C40,,
2017-10-16,002747,1,2724,4,4,2,0,1,2,1,C40,,
2017-10-18,002747,1,3302,5,4,3,0.53,0,49,252,C40,,
2017-10-25,002747,1,3522,4,4,0,1.81,1,107,43,C40,,
2017-10-31,002747,1,3178,11,0,1,0.57,0,49,252,C40,,
2017-01-19,002751,1,599,0,0,0,1.9,1,8,7,C21,,
2017-08-25,002751,1,3712,3,2,2,1.53,1.5,23,20,C21,,
2017-03-27,002757,1,86105,199,199,16,3.19,2,504,350,C35,,
2017-11-07,002771,1,3766,0,0,1,1.65,1.5,4,375,I65,,
2017-05-20,002772,1,23734,18,7,4,1.32,0.5,50,111,A01,,
2017-01-19,002775,1,8433,4,3,4,3.47,1.5,2,5,E48,,
2017-03-27,002775,1,4517,2,1,0,2.26,0,2,6,E48,,
2017-06-22,002781,1,4957,2,1,5,0.67,2,80,144,E50,,
2017-12-15,002792,1,1181,1,1,0,4.65,1,2,8,C39,,
2017-06-23,002803,1,15121,41,35,14,1.9,0,69,146,C23,,
2017-03-16,002803,1,98607,206,206,19,3.16,2,475,331,C23,,
2017-11-07,002806,1,5064,6,4,2,1.08,1.5,322,372,C39,,
2017-10-13,002812,3,901579.67,1321.67,459,16.67,3.24,2.25,30,333.5,C29,,
2017-12-27,002818,1,3625,5,3,1,2.13,1.5,133,251,L72,,
2017-03-27,002820,2,1718,4,4,0,1.79,1.5,768,10,C14,,
2017-12-25,002822,1,1254,1,1,1,3.11,2,296,320,E50,,
2017-09-24,002829,1,5908,0,0,0,2.9,2,322,0,C39,,
2017-03-31,002831,1,12783,21,16,4,1.41,1,6,6,C22,,
2017-01-03,002831,1,3744,30,30,40,1.99,2,96,322,C22,,
2017-03-30,002838,1,3063,1,1,0,1.85,1.5,119,369,C29,,
2017-09-13,002841,1,52924,66,31,15,0,1.5,11,311,C39,,
2017-08-14,002849,1,14051,8,8,3,0.24,1.5,49,0,C40,,
2017-11-17,002849,1,16983,2,2,1,0.5,1.5,49,0,C40,,
2017-03-15,002850,1,4384,1,0,0,1.92,2,137,180,C33,,
2017-08-31,002852,1,61023,183,49,22,4.29,2,3919,353,C13,,
2017-09-04,002853,1,11278,16,10,0,2.1,1.5,102,385,C21,,
2017-09-14,002855,1,5177,9,2,4,2.36,2,219,304,C39,,
2017-06-13,002859,1,16066,9,9,3,0.07,2,327,0,C39,,
2017-07-15,002859,1,15638,18,2,5,0.32,2,25,330,C39,,
2017-11-22,002866,1,2030,2,0,0,4.58,1,10,6,C39,,
2017-09-07,002872,1,11961,1,1,3,0.3,2,125,0,F51,,
2017-06-19,002876,1,35703,58,52,8,1.9,0,72,51,C39,,
2017-11-21,002883,1,9392,1,1,0,0.46,2,204,0,M74,,
2017-08-25,002886,2,5878.5,13,12,0.5,0.2,2,153,0,C29,,
2017-08-31,002886,1,2642,2,0,2,0.22,2,151,0,C29,,
2017-09-06,002886,2,1797.5,1,0,0,0.24,2,151,0,C29,,
2017-10-25,002886,1,4589,1,0,0,0.37,2,151,0,C29,,
2017-11-07,002886,1,3545,2,0,3,0.41,2,151,0,C29,,
2017-11-15,002886,2,6422,2,1.5,0.5,2.57,2,384,340.5,C29,,
2017-08-24,002886,2,10588.5,11.5,11.5,1.5,0.2,2,153,0,C29,,
2017-08-07,002887,1,15673,22,22,10,0.11,0,527,0,E48,,
2017-08-04,002887,2,1183,1,1,0,3.81,2,168.5,264,E48,,
2017-08-06,002887,1,2302,2,2,0,1.38,2,256,157,E48,,
2017-10-10,002896,1,7660,2,2,2,0.15,1.5,134,0,C34,,
2017-11-17,002896,1,20514,15,11,9,0.61,1.5,39,329,C34,,
2017-09-06,002899,1,17222,58,54,10,0.12,2,71,55,C24,,
2017-12-19,002901,1,4998,5,5,3,2.18,1.5,105,392,C35,,
2017-09-23,002901,1,1541,1,1,0,2.63,1,38,184,C35,,
2017-12-18,002905,1,30343,23,7,12,0.11,2,41,253,R86,,
2017-11-09,002910,1,1515,3,0,1,0,0,1,10,C14,,
2017-12-29,002920,1,9362,10,6,6,1.04,2,29,346,C36,,
2017-03-07,300001,1,8239,4,0,4,0.98,1.5,148,243,C38,,
2017-11-22,300005,1,43525,97,0,8,3.49,2,74,301,C18,,
2017-12-11,300011,1,65385,21,21,4,4.71,0,690,0,C37,,
2017-09-17,300013,1,2045,2,2,0,3.88,1.5,18,175,G59,,
2017-07-09,300016,1,5604,4,4,3,3.32,1,15,8,C27,,
2017-03-27,300017,1,36797,84,55,15,0.05,1.5,20,210,I65,,
2017-10-11,300020,1,1556,1,1,1,2.59,1.5,33,186,I65,,
2017-10-31,300024,1,2534,3,3,1,0.39,1.5,37,63,C34,,
2017-11-06,300038,1,2605,2,0,2,2.45,1,15,338,I64,,
2017-10-20,300038,1,7367,9,0,4,2.41,1,15,338,I64,,
2017-08-04,300040,1,2914,2,2,1,2.21,1.5,38,165,C38,,
2017-12-18,300041,1,3732,2,2,1,0.78,0,629,388,C26,,
2017-11-13,300041,1,4187,1,1,0,0.68,0,629,388,C26,,
2017-04-08,300043,1,5489,7,4,4,2.69,1.5,370,352,I64,,
2017-03-17,300043,1,2449,2,0,2,2.63,1.5,357,373,I64,,
2017-04-07,300047,1,7788,6,0,3,0,2,162,325,I65,,
2017-09-25,300051,1,4647,4,2,0,1.02,1,4,102,I65,,
2017-11-14,300053,1,7687,27,21,6,2.47,0,46,355,C39,,
2017-08-31,300053,1,88673,457,133,21,0.67,2,85,372,C39,,
2017-03-22,300053,1,2980,2,0,1,0.18,1.5,9,185,C39,,
2017-01-16,300053,1,2535,6,2,0,0,1.5,9,188,C39,,
2017-05-25,300055,1,2897,4,3,1,2.42,2,28,189,E48,,
2017-11-02,300058,1,27081,73,48,11,2.38,1.5,139,209,L72,,
2017-10-18,300059,1,14,0,0,0,2.84,1.5,54,102,I64,,
2017-10-08,300059,1,39,0,0,0,2.25,0.5,15,34,I64,,
2017-09-22,300059,1,37,0,0,0,2.04,1.5,48,78,I64,,
2017-09-23,300059,1,15,0,0,0,2.99,0.5,5,1,I64,,
2017-09-26,300059,1,16,0,0,0,1.7,1.5,37,340,I64,,
2017-09-30,300059,1,39,0,0,0,5.52,2,50,125,I64,,
2017-11-03,300059,1,39,0,0,0,2.6,1.5,52,3,I64,,
2017-11-13,300059,1,2352,0,0,0,1.01,0,1,0,I64,,
2017-12-29,300059,1,14508,0,0,1,0.61,1.5,84,0,I64,,
2017-07-24,300059,1,37,0,0,0,2.29,2,95,178,I64,,
2017-07-27,300059,1,17,0,0,0,7.17,1.5,23,165,I64,,
2017-07-29,300059,1,44,0,0,0,4.22,0,1,0,I64,,
2017-03-17,300059,1,25,0,0,0,1,0.5,4,0,I64,,
2017-05-06,300059,3,3.33,0,0,0,1.35,1,46.5,182.5,I64,,
2017-03-18,300059,1,29,0,0,0,0.8,1.5,6,45,I64,,
2017-07-25,300059,2,16,0,0,0,2.66,1,7,51,I64,,
2017-07-09,300072,1,4758,9,1,1,0.27,0,237,381,C26,,
2017-06-16,300072,1,21726,17,16,9,3.34,2,212,318,C26,,
2017-05-19,300072,1,2694,2,2,1,2.65,1,5,206,C26,,
2017-11-23,300073,1,171225,210,0,25,2.33,2,9,387,C30,,
2017-12-19,300077,1,3859,5,5,1,2.17,1.5,34,223,C39,,
2017-12-28,300077,2,123935.5,136,123,15,2.72,2,491,362,C39,,
2017-12-05,300077,1,975,1,1,0,2.13,1.5,34,223,C39,,
2017-09-07,300080,1,2002,2,1,0,0.08,0,184,314,C30,,
2017-12-13,300080,1,4637,14,7,0,0.38,2,116,326,C30,,
2017-03-21,300080,1,3744,6,4,2,0.42,1.5,68,99,C30,,
2017-12-22,300082,1,38772,102,39,6,3.27,0.5,35,339,C26,,
2017-03-01,300082,1,12793,5,5,2,1.58,0.5,2,1,C26,,
2017-06-05,300084,1,15650,12,12,10,0.05,2,228,0,B11,,
2017-04-09,300085,1,1069,0,0,8,1.74,1.5,33,34,I65,,
2017-06-10,300085,1,16242,1,1,1,0.06,2,133,0,I65,,
2017-12-21,300085,1,7451,1,1,4,0.4,1.5,39,37,I65,,
2017-06-12,300086,1,6884,17,5,6,2.8,1.5,50,341,C27,,
2017-08-24,300088,1,2348,0,1,0,1.2,1,3,29,C39,,
2017-11-01,300088,1,3,0,0,0,2.76,1,19,96,C39,,
2017-11-19,300088,1,2,0,0,0,0.21,0.5,3,0,C39,,
2017-02-08,300096,1,19334,6,0,1,3.87,0,756,0,I65,,
2017-08-28,300096,1,4296,2,1,0,1.75,1,39,126,I65,,
2017-12-05,300099,1,5423,17,17,5,0.31,2,47,177,C35,,
2017-02-24,300099,1,14445,12,8,2,2.32,2,347,380,C35,,
2017-07-17,300102,1,292348,603,544,82,1.51,1.5,45,158,C39,,
2017-08-16,300104,1,19402,25,16,6,2.59,2,54,333,I64,,
2017-06-09,300104,1,56170,141,138,13,0.3,1.5,1,7,I64,,
2017-05-05,300104,1,11296,63,20,3,2.95,0.5,54,306,I64,,
2017-10-23,300104,1,10022,11,0,0,1.74,2,84,318,I64,,
2017-10-03,300104,1,2060,1,0,0,1.78,2,195,369,I64,,
2017-10-26,300104,1,3316,2,0,0,3.52,1,9,7,I64,,
2017-09-24,300104,1,78219,174,120,43,2.37,1,94,392,I64,,
2017-04-18,300104,2,6516.5,10,6.5,3.5,2.8,1.75,112,309.5,I64,,
2017-10-02,300104,1,4579,7,6,2,1.78,2,195,370,I64,,
2017-10-24,300104,1,1805,1,0,0,0.02,1.5,45,83,I64,,
2017-05-17,300104,1,7116,41,15,3,2.98,1,54,306,I64,,
2017-11-01,300104,1,2675,2,0,0,0.77,1,6,87,I64,,
2017-08-04,300122,1,18043,8,8,2,0.06,1,6,0,C27,,
2017-07-26,300122,1,3812,0,0,0,0.02,0,2,0,C27,,
2017-08-02,300122,1,3368,0,0,0,0.08,1,7,0,C27,,
2017-06-05,300122,1,26602,8,8,8,4.19,0,2682,0,C27,,
2017-05-05,300133,1,3185,4,0,0,5.82,1.5,125,54,R86,,
2017-02-01,300142,1,154287,237,168,40,3.16,1.5,2,96,C27,,
2017-12-01,300147,2,7323.5,14,4,2,3.14,2,576,249,C27,,
2017-07-25,300150,1,3197,4,4,1,0.18,2,161,0,I65,,
2017-10-15,300152,1,111569,145,0,22,4.55,0,2855,0,N77,,
2017-07-26,300156,2,3184,9,0,2,0.62,0.75,1,215.5,C35,,
2017-05-12,300157,1,10264,19,11,2,1.72,2,34,153,B11,,
2017-06-30,300157,1,1580,1,0,1,1.1,1.5,135,331,B11,,
2017-08-28,300159,1,2021,1,0,0,0.33,2,79,151,C37,,
2017-10-11,300159,1,1575,1,1,1,0.79,1,23,253,C37,,
2017-12-08,300161,1,11108,24,1,1,8.81,2,85,397,C34,,
2017-06-22,300161,1,2441,2,0,2,4.64,2,377,353,C34,,
2017-12-21,300168,1,361718,410,0,22,8.38,2,9,391,I65,,
2017-07-21,300178,1,5562,5,2,1,0.89,2,270,314,L72,,
2017-12-27,300181,1,442782,622,192,64,3.81,2,168,370,C27,,
2017-12-04,300182,1,8978,20,16,1,0.89,1,9,29,I65,,
2017-05-25,300184,1,84249,129,52,37,1.98,1.5,4,87,F51,,
2017-06-13,300187,1,5048,4,4,6,0.23,1.5,26,46,N77,,
2017-11-23,300193,2,2514.5,6,5,0,0.01,2,176,50,C34,,
2017-11-20,300199,1,15483,2,2,1,0.51,2,494,0,C27,,
2017-08-18,300202,1,15732,2,2,0,0.25,1.5,29,0,C34,,
2017-11-25,300209,1,22484,5,0,3,0.52,0,126,0,I65,,
2017-08-15,300213,5,7426.6,1.2,0.8,0.6,0.24,2,125,0,C39,,
2017-11-08,300223,1,6630,2,2,0,1.86,2,236,160,C39,,
2017-05-25,300228,1,8659,12,7,0,1.96,1.5,128,98,C35,,
2017-12-15,300229,2,3105.5,1,0.5,1,0.64,2,6,0,I65,,
2017-11-22,300232,1,28967,1,1,0,0.51,2,558,0,C39,,
2017-10-20,300238,1,8883,2,2,0,0.42,2,388,0,C35,,
2017-07-11,300242,1,5044,3,3,0,2.9,2,575,0,I64,,
2017-06-29,300259,1,1652,1,1,0,3.98,2,23,208,C40,,
2017-12-30,300269,1,23216,54,52,3,0.93,1.5,3,8,L72,,
2017-05-14,300271,1,50020,55,12,11,2.16,2,199,350,I65,,
2017-11-25,300275,1,13569,12,6,0,0.24,1.5,37,236,I65,,
2017-07-11,300279,1,8075,6,6,8,0.15,2,152,0,C38,,
2017-12-26,300279,1,10889,0,1,0,0.07,1,27,0,C38,,
2017-01-26,300290,1,10205,10,7,1,2.81,2,345,356,I65,,
2017-12-14,300291,1,3149,6,0,2,0.01,2,259,200,R86,,
2017-11-02,300296,1,49899,44,8,5,0,1,4,73,C39,,
2017-12-21,300307,1,207981,109,93,17,0,1.5,8,23,C35,,
2017-06-05,300311,1,54978,27,27,12,4.19,0,501,0,I65,,
2017-12-28,300315,1,4105,3,3,3,1.08,2,103,83,I64,,
2017-12-30,300315,1,2874,3,3,0,1.09,2,103,83,I64,,
2017-02-23,300315,1,3445,3,2,3,1.15,2,13,113,I64,,
2017-05-28,300315,1,5153,3,0,0,1.97,1,36,314,I64,,
2017-10-16,300315,1,4968,7,0,3,2.47,2,64,295,I64,,
2017-11-10,300316,1,6406,11,10,5,2.79,1.5,83,316,C35,,
2017-12-25,300317,1,7718,4,4,1,0.6,2,383,0,C38,,
2017-12-31,300317,1,4821,1,1,0,2.42,2,83,125,C38,,
2017-12-11,300318,1,56882,71,51,17,0.49,1,1,27,C35,,
2017-11-10,300319,2,3026.5,2,1.5,0,1.57,2,477,344,C39,,
2017-12-29,300319,1,31277,2,2,2,0.61,2,235,0,C39,,
2017-11-20,300319,1,1755,1,1,0,1.6,2,477,344,C39,,
2017-12-27,300324,1,4313,4,0,3,0.59,1.5,21,158,I65,,
2017-10-10,300328,1,3101,5,4,4,0.05,1.5,29,83,C33,,
2017-10-11,300328,1,2254,1,1,1,0.05,1.5,29,84,C33,,
2017-04-25,300329,1,2279,2,2,0,0.62,2,738,107,C24,,
2017-12-11,300329,1,3160,6,5,2,0.61,1,6,373,C24,,
2017-10-10,300330,1,41307,9,6,0,2.46,1,26,47,I65,,
2017-11-24,300340,1,33413,51,49,3,0.83,1.5,6,13,C39,,
2017-07-31,300348,1,2111,1,1,0,1.78,1.5,105,136,I65,,
2017-08-25,300351,1,15806,6,0,3,4.41,0,443,0,C39,,
2017-10-23,300353,1,23938,1,1,8,4.58,0,1891,0,C39,,
2017-03-22,300355,3,5338,13.67,10.67,1,0.26,0,225,331,N77,,
2017-10-19,300355,1,4478,3,3,2,2.85,2,58,78,N77,,
2017-03-21,300355,1,3340,18,10,0,0.26,0,225,331,N77,,
2017-10-24,300360,1,37445,2,2,4,3.81,0,980,0,C40,,
2017-12-19,300364,1,16830,57,13,6,2.81,1,47,365,R85,,
2017-07-26,300368,1,2748,4,4,6,0.33,1,4,74,C35,,
2017-09-19,300374,1,3,0,0,0,2.22,0.5,8,59,C30,,
2017-12-12,300376,1,6689,7,7,1,1.07,2,167,175,C38,,
2017-12-01,300377,1,28503,16,6,6,10.96,2,60,261,I65,,
2017-10-12,300379,1,1169439,1883,986,60,2.75,2,35,339,I65,,
2017-11-18,300383,1,13663,6,4,0,5.64,1.5,350,303,I65,,
2017-06-20,300385,1,3399,4,4,1,2.62,2,58,39,C35,,
2017-12-08,300397,1,6737,9,0,2,1.22,2,50,359,C39,,
2017-11-14,300403,4,4258.5,7.25,6.5,0.5,1.08,2,150,133,C38,,
2017-11-07,300403,1,1141,1,0,0,1.06,2,149,133,C38,,
2017-10-08,300407,1,1809,1,0,0,0.09,0.5,8,9,C38,,
2017-11-27,300413,1,9631,14,1,2,0.01,1.5,30,133,F52,,
2017-04-20,300413,1,23756,28,20,7,1.43,2,82,96,F52,,
2017-09-28,300413,1,9676,22,6,3,3.95,1,1,194,F52,,
2017-11-22,300418,1,3747,2,2,2,0.02,1.5,51,134,I64,,
2017-06-02,300424,1,7425,3,2,5,0.88,1,10,7,C37,,
2017-11-30,300430,1,4271,3,3,0,0.96,2,91,370,C40,,
2017-12-01,300430,1,5380,1,1,0,0.96,2,98,382,C40,,
2017-04-28,300431,1,3409,5,5,0,2.36,2,74,55,I64,,
2017-03-02,300431,1,8487,20,15,2,2.94,2,22,202,I64,,
2017-08-27,300431,1,8907,15,5,1,0.49,1.5,71,61,I64,,
2017-12-08,300431,2,2127.5,2,0.5,1.5,2.25,1.75,43.5,222,I64,,
2017-12-10,300431,1,25817,27,17,3,2.98,1,1,13,I64,,
2017-12-28,300433,1,5174,24,24,3,2.88,2,26,26,C39,,
2017-12-20,300433,2,12220,22,11,3,1.66,1.5,226,326,C39,,
2017-12-21,300433,2,22087.5,24,24,3,2.54,1.75,140.5,215,C39,,
2017-12-13,300433,9,13157.67,22.78,18.22,3.67,2.75,2.11,1121.33,251,C39,,
2017-12-12,300433,6,12462.83,18,17.83,4.17,3.66,2.38,544,164.25,C39,,
2017-12-08,300433,1,111075,29,0,6,0.88,2,76,243,C39,,
2017-11-17,300446,1,12017,20,15,17,0.22,2,147,342,C26,,
2017-01-18,300447,1,2664,1,1,0,0.1,2,97,137,C38,,
2017-07-03,300450,1,12529,37,0,2,2,1.5,19,331,C35,,
2017-08-04,300450,1,3621,7,6,7,2.47,1.5,179,370,C35,,
2017-04-30,300450,1,2361,1,0,0,0,1,40,333,C35,,
2017-03-20,300450,1,996,19,19,2,0.3,2,117,126,C35,,
2017-12-15,300452,1,88293,367,0,13,0.84,0,414,308,C27,,
2017-12-06,300452,1,4666,4,1,1,7.22,2,24,195,C27,,
2017-11-10,300462,2,91452.5,130,66,14.5,1.97,0.5,447.5,6,C35,,
2017-11-23,300462,1,46435,11,0,2,2.57,0,881,0,C35,,
2017-08-07,300465,1,3022,1,1,0,0.22,1.5,31,0,I65,,
2017-06-18,300472,1,76176,40,0,2,2.07,0,807,0,C35,,
2017-07-03,300472,1,2780,1,1,0,2.71,1,85,54,C35,,
2017-08-22,300476,1,2596,1,1,0,1.76,1,19,37,C39,,
2017-06-28,300488,2,4,0,0,0,2.16,2,244,0,C33,,
2017-05-19,300491,1,3045,3,2,0,4.92,1.5,232,396,C38,,
2017-10-19,300497,1,25822,52,19,4,4.16,1.5,26,140,C27,,
2017-11-02,300497,1,2408,6,6,0,1.44,2,168,353,C27,,
2017-12-12,300515,1,3973,3,3,2,1.78,2,468,203,C40,,
2017-09-14,300515,1,2911,0,0,0,2.8,0.5,16,3,C40,,
2017-04-07,300520,1,32251,92,24,6,0.1,1.5,8,204,I65,,
2017-01-26,300523,2,32882.5,60,0,11,1.8,2,740,387,I65,,
2017-12-29,300526,1,75610,26,26,14,0.62,0,762,0,C35,,
2017-11-30,300529,1,22427,12,11,5,0.47,1,4,8,C35,,
2017-06-13,300541,1,5792,3,3,8,0.07,2,186,0,I65,,
2017-02-27,300550,1,9832,11,8,3,3.6,1.5,250,315,I65,,
2017-03-28,300550,1,12415,18,13,3,3.68,1.5,250,315,I65,,
2017-11-15,300558,1,10259,13,12,2,1.18,0,96,370,C27,,
2017-08-21,300558,1,5508,7,0,0,0.46,2,101,244,C27,,
2017-08-18,300558,1,24424,37,0,12,0.93,2,96,370,C27,,
2017-11-08,300558,2,12832.5,18,4,3,3.5,1.5,130,161,C27,,
2017-05-23,300558,1,1205,3,3,1,0.02,1.5,37,114,C27,,
2017-05-21,300558,1,111650,261,0,21,0.69,2,96,370,C27,,
2017-12-31,300559,1,28826,45,26,4,2.9,2,96,311,I65,,
2017-08-14,300567,1,2719,1,0,0,3.22,0.5,31,69,C40,,
2017-07-29,300570,1,124802,759,425,73,1.3,1,94,305,C39,,
2017-07-21,300570,1,1252,1,1,0,5.41,2,269,180,C39,,
2017-07-14,300580,1,2697,1,0,0,0.15,1.5,68,0,C36,,
2017-08-23,300581,1,26993,48,46,2,0.58,2,6,12,C39,,
2017-01-13,300584,1,4016,6,4,8,1.98,1.5,120,106,C27,,
2017-06-07,300601,1,3394,2,2,0,0.13,2,61,73,C27,,
2017-02-23,300601,1,2255,2,1,3,2.76,1,43,366,C27,,
2017-08-24,300602,1,143140,281,204,36,2.21,2,56,316,C39,,
2017-10-17,300607,1,762,1,1,0,0.25,2,151,153,C34,,
2017-02-10,300609,1,4597,2,2,2,0,0,1,3,I65,,
2017-09-06,300609,1,4445,4,3,1,2.73,1.5,6,368,I65,,
2017-12-24,300613,1,15114,16,6,7,0.9,2,93,336,I65,,
2017-09-22,300613,1,10355,6,0,1,0.64,2,93,342,I65,,
2017-10-25,300613,1,4424,3,1,0,0.73,2,103,372,I65,,
2017-11-23,300613,1,20411,19,15,3,1.74,2,213,345,I65,,
2017-03-15,300613,1,67763,128,128,12,3.15,2,475,331,I65,,
2017-10-06,300618,1,24344,39,6,6,3.14,1,4,392,C32,,
2017-08-27,300618,1,600106,582,449,70,0.36,2,8,371,C32,,
2017-08-02,300618,1,1115,1,0,1,0.03,1.5,33,83,C32,,
2017-05-26,300618,1,2184,2,1,0,6.26,0.5,6,181,C32,,
2017-11-22,300619,1,17668,2,2,3,0.51,2,180,0,C35,,
2017-11-01,300619,1,999,1,0,0,5.9,2,15,27,C35,,
2017-06-26,300626,1,13543,4,4,0,0.1,1,50,0,C38,,
2017-07-01,300626,1,2072,1,1,0,5.64,0.5,9,0,C38,,
2017-03-27,300627,1,822,1,1,0,0.01,0,1,34,C39,,
2017-04-06,300628,1,20278,47,40,6,1.49,2,175,328,C39,,
2017-05-15,300635,1,4137,1,1,0,-0.01,0,74,0,M74,,
2017-05-11,300635,1,8408,4,4,1,-0.02,2,77,0,M74,,
2017-07-31,300641,1,15511,2,2,1,0.2,1.5,62,0,C26,,
2017-04-25,300641,1,1651,7,5,8,8.61,2,41,68,C26,,
2017-09-07,300651,1,2866,1,0,1,1.11,1.5,16,269,C24,,
2017-10-08,300661,1,235268,189,60,20,0.95,2,134,307,C39,,
2017-06-19,300662,1,6736,10,10,17,0,1,8,7,L72,,
2017-09-06,300662,1,9595,0,0,0,2.8,2,270,0,L72,,
2017-12-19,300662,1,2962,2,2,1,0.85,2,142,306,L72,,
2017-11-17,300662,1,3813,3,1,1,0.76,2,142,306,L72,,
2017-11-26,300662,1,4536,5,3,0,0.79,2,142,306,L72,,
2017-11-24,300662,1,2612,2,2,0,0.78,2,142,306,L72,,
2017-12-03,300666,1,15739,4,1,3,0.7,1.5,26,122,C39,,
2017-09-13,300668,1,3392,9,8,1,2.97,1,7,16,M74,,
2017-11-28,300668,1,36711,76,73,15,1.4,2,79,117,M74,,
2017-08-01,300672,1,909193,791,447,94,2.27,2,13,300,C39,,
2017-11-28,300672,1,2920,8,7,2,0.55,1.5,35,350,C39,,
2017-10-19,300672,1,1594,5,5,3,0.29,2,112,352,C39,,
2017-08-11,300672,1,771552,1214,0,56,2.27,2,108,359,C39,,
2017-11-10,300676,1,3286,3,1,2,1.15,0,708,339,M74,,
2017-11-14,300676,4,4721.25,6.25,1.75,1.25,2.19,1.88,660.75,211.75,M74,,
2017-11-21,300676,1,2888,5,2,4,2.76,2,97,323,M74,,
2017-11-29,300676,2,16950.5,46.5,17.5,6,1.39,2.25,989,340.5,M74,,
2017-12-03,300676,1,21084,54,24,13,2.1,2,93,311,M74,,
2017-12-10,300676,1,8042,7,5,0,2.12,2,93,311,M74,,
2017-12-14,300676,1,24095,16,0,7,3.96,2,189,360,M74,,
2017-09-10,300676,2,204773.5,92.5,91,16.5,4.26,0,1329,158,M74,,
2017-09-16,300676,1,11385,16,9,5,1.59,1.5,764,362,M74,,
2017-09-19,300676,1,2627,6,1,1,0.54,0,101,242,M74,,
2017-10-15,300676,2,18871.5,77.5,65.5,7.5,0.45,2,11,327,M74,,
2017-11-03,300676,1,1797,2,1,1,0.57,2,72,318,M74,,
2017-08-29,300676,1,72425,16,16,24,1.7,0,1080,0,M74,,
2017-08-15,300679,1,41564,17,17,23,0.74,1.5,3,0,C39,,
2017-10-18,300681,1,28632,67,65,6,3.48,1,6,2,C38,,
2017-12-22,300683,1,16053,17,17,2,0.78,1,4,12,C27,,
2017-11-10,300683,1,38007,15,13,12,4.72,1,8,12,C27,,
2017-08-25,300685,1,14825,15,5,6,1.01,2,128,386,C27,,
2017-08-11,300687,1,17343,18,17,5,4.44,2,258,375,I65,,
2017-09-30,300692,1,70244,168,128,83,1.08,2,79,148,N77,,
2017-11-21,300695,1,6972,5,3,1,2.19,2,273,328,C36,,
2017-09-02,300699,1,18502,47,46,24,1.98,2,35,375,C28,,
2017-12-22,300702,1,22153,9,9,0,0.32,2,95,0,C27,,
2017-11-03,300702,1,14615,5,5,2,0.88,2,105,68,C27,,
2017-09-27,300702,1,1046,2,2,3,0.02,1.5,8,53,C27,,
2017-09-15,300702,1,1812,1,1,0,6.18,1,17,43,C27,,
2017-10-24,300705,1,1220,1,0,0,2.38,2,233,218,C27,,
2017-12-09,300707,1,11007,6,2,1,2.55,2,431,377,C35,,
2017-11-14,300709,1,3829,2,1,1,0.68,2,117,333,C39,,
2017-06-29,600004,1,3191,1,1,1,5.55,0,25,1,G56,,
2017-06-14,600006,1,8038,1,1,1,2.17,2,244,153,C36,,
2017-10-17,600006,1,7088,20,17,2,9.25,1.5,8,135,C36,,
2017-08-11,600008,1,8567,7,6,1,3.73,1.5,136,309,D46,,
2017-09-21,600008,1,15595,16,10,7,3.84,1.5,136,309,D46,,
2017-10-09,600008,1,4429,3,3,0,3.89,1.5,136,309,D46,,
2017-10-25,600008,1,1340,1,1,1,3.93,1.5,136,309,D46,,
2017-11-23,600008,1,3771,2,0,2,0.68,2,169,113,D46,,
2017-02-15,600009,1,91022,152,71,29,0.24,2,36,385,G56,,
2017-11-17,600019,1,5584,11,0,1,0.59,0,1057,345,C31,,
2017-12-01,600019,1,10535,12,3,5,2.53,2,68,308,C31,,
2017-12-07,600019,1,7640,8,1,2,2.55,2,68,308,C31,,
2017-02-26,600019,1,8374,9,0,5,2.71,1,4,1,C31,,
2017-11-22,600022,1,11543,36,36,13,0.59,2,191,178,C31,,
2017-11-02,600022,1,1068,1,0,0,0.18,0.5,4,1,C31,,
2017-04-11,600023,1,283521,444,204,116,3.14,2,19,310,D44,,
2017-12-22,600025,1,7982,17,1,0,0.97,2,51,338,D44,,
2017-09-12,600028,1,3007,4,4,0,0.19,1,5,241,B07,,
2017-12-29,600039,1,10291,4,2,5,2.71,2,113,371,E48,,
2017-11-14,600039,1,6292,16,6,3,2.59,2,114,382,E48,,
2017-08-28,600039,1,4565,2,1,3,2.38,2,122,347,E48,,
2017-10-24,600039,1,114959,3,0,1,2.53,2,122,347,E48,,
2017-11-13,600039,1,7237,9,5,4,2.59,2,123,348,E48,,
2017-12-21,600048,1,292607,430,115,28,0,1.5,1,336,K70,,
2017-09-08,600048,1,3493,2,0,0,2.63,1.5,27,52,K70,,
2017-11-06,600048,1,1870,2,1,1,2.79,1.5,27,52,K70,,
2017-09-06,600050,1,209121,115,0,22,2.16,1.5,5,295,I63,,
2017-12-08,600050,1,6770,11,11,1,1.69,1.5,28,167,I63,,
2017-10-19,600050,1,1412,4,4,3,2.33,2,125,122,I63,,
2017-12-29,600050,1,7848,6,6,8,0.98,1.5,9,63,I63,,
2017-12-15,600050,1,35537,60,19,14,2.46,1.5,68,297,I63,,
2017-09-18,600050,1,1854,1,1,0,2.43,0,9,5,I63,,
2017-10-27,600050,1,1821,7,7,2,2.36,2,125,122,I63,,
2017-03-14,600050,1,4262,2,0,2,3.74,1,6,13,I63,,
2017-11-19,600053,1,17415,22,12,5,2.52,1.5,15,133,K70,,
2017-09-10,600053,1,31816,61,44,11,0.68,2,8,362,K70,,
2017-04-16,600053,1,394534,775,531,132,0.28,2,8,362,K70,,
2017-05-26,600056,1,13952,27,13,7,2.7,2,538,301,C27,,
2017-07-31,600058,1,781,2,2,1,0.35,2,271,120,F51,,
2017-08-03,600058,2,3056,1.5,1.5,1,0.35,2,272,120,F51,,
2017-08-17,600058,1,3090,1,1,0,0.39,2,272,120,F51,,
2017-08-21,600058,1,3960,2,2,0,0.4,2,271,120,F51,,
2017-03-18,600060,1,36811,152,148,10,0.04,2,84,254,C39,,
2017-04-27,600060,1,343373,909,901,162,0.02,2,1,10,C39,,
2017-09-04,600067,1,1781,1,1,1,1.24,1.5,377,392,K70,,
2017-01-09,600068,1,9552,6,0,1,1.55,2,359,131,E48,,
2017-11-28,600072,1,6876,5,1,4,0.34,0.5,2,20,E48,,
2017-09-07,600072,1,116644,39,22,11,2.16,1.5,317,335,E48,,
2017-11-17,600073,1,4134,4,2,0,1.25,2,71,324,C14,,
2017-11-16,600074,1,17962,43,41,18,0.33,2,78,384,C39,,
2017-09-04,600074,1,63093,117,0,29,0.36,0,120,397,C39,,
2017-12-09,600074,1,6493,7,6,12,0.06,2,110,310,C39,,
2017-12-28,600076,1,2246,2,2,0,1.65,1.5,49,100,C20,,
2017-12-17,600079,1,20919,8,4,3,5.86,2,31,187,C27,,
2017-11-28,600085,1,7786,6,3,1,0.01,2,60,141,C27,,
2017-10-19,600089,1,120725,54,47,5,4.15,0,16,114,C38,,
2017-05-27,600089,1,7638,26,0,2,2.01,2,31,352,C38,,
2017-05-18,600089,1,2578,1,0,0,1.99,2,31,352,C38,,
2017-02-27,600094,1,3430,1,0,0,1.14,2,24,113,K70,,
2017-12-06,600096,1,11755,12,0,2,0.29,2,58,6,C26,,
2017-09-29,600096,4,9542,1.5,1.25,0,0.51,2,272,120,C26,,
2017-09-28,600096,2,7354.5,2,2,0.5,0.51,2,272,120,C26,,
2017-09-26,600096,1,2009,1,1,0,0.5,2,271,120,C26,,
2017-09-25,600096,2,2071.5,0.5,0.5,0.5,0.5,2,272,120,C26,,
2017-09-20,600096,2,2076,1,1,0,0.48,2,272,120,C26,,
2017-09-19,600096,1,2428,3,2,0,0.48,2,272,120,C26,,
2017-09-05,600096,1,2117,1,1,0,0.44,2,271,120,C26,,
2017-09-06,600096,1,2333,1,1,2,0.45,2,272,120,C26,,
2017-11-15,600096,2,5076.5,2.5,1.5,0.5,0.64,2,277,121,C26,,
2017-10-18,600096,1,3765,3,3,0,0.56,2,272,120,C26,,
2017-11-03,600096,1,7376,1,1,0,0.61,2,271,120,C26,,
2017-08-23,600096,1,2186,1,1,0,0.41,2,272,120,C26,,
2017-08-24,600096,1,3540,3,2,0,0.41,2,272,120,C26,,
2017-08-25,600096,3,3259.67,1,0.67,0.33,0.41,2,272,120,C26,,
2017-12-29,600100,1,6767,15,14,6,3.41,1,259,274,C39,,
2017-11-04,600100,1,99672,70,64,16,0.05,2,527,326,C39,,
2017-10-31,600100,2,95378,52,46,6,0.04,2,527,326,C39,,
2017-10-25,600100,2,55329,58,50,10,3.89,1.25,39.5,310,C39,,
2017-12-01,600100,1,12304,41,39,7,0.35,1.5,8,39,C39,,
2017-09-22,600100,2,2047,3.5,3.5,1.5,2.28,1.75,375.5,323,C39,,
2017-03-11,600100,1,3994,4,2,1,1.62,2,66,330,C39,,
2017-12-07,600100,1,8662,31,31,3,4.94,1.5,61,302,C39,,
2017-08-23,600104,1,9574,19,2,4,0.35,0,1057,327,C36,,
2017-11-14,600104,1,33171,29,10,16,1.79,2,16,334,C36,,
2017-12-10,600104,1,221611,65,8,5,0.55,0,302,319,C36,,
2017-03-09,600104,1,23263,39,4,8,0.46,1,3,43,C36,,
2017-09-08,600108,1,20436,13,13,4,0.41,1.5,4,0,A01,,
2017-03-21,600111,1,16577,35,14,16,0.88,2,32,275,C32,,
2017-11-01,600116,1,2061,1,0,1,0.93,2,13,390,D44,,
2017-11-16,600118,1,1972,1,1,1,1.73,1.5,10,26,C39,,
2017-11-03,600118,1,2740,2,2,1,1.04,1,19,28,C39,,
2017-08-03,600118,1,9448,1,1,0,2.3,1.5,106,57,C39,,
2017-03-20,600120,1,14635,58,55,12,0.47,2,178,334,F51,,
2017-02-28,600120,2,1705,2.5,2,0,1.39,2,263,195.5,F51,,
2017-03-01,600120,1,1150,1,1,0,0.81,2,222,86,F51,,
2017-02-27,600120,1,23012,44,39,12,0.41,2,178,334,F51,,
2017-04-28,600120,1,28995,82,79,12,0.58,2,178,334,F51,,
2017-05-04,600120,1,1626,3,0,2,2.38,2,319,247,F51,,
2017-05-05,600120,1,20019,54,52,9,0.59,2,178,334,F51,,
2017-05-11,600120,1,958,1,0,0,2.4,2,319,247,F51,,
2017-12-29,600120,1,2821,1,1,1,3.04,2,319,247,F51,,
2017-12-06,600120,1,2142,2,0,0,2.98,2,319,247,F51,,
2017-07-21,600120,1,3514,5,4,4,2.6,2,319,247,F51,,
2017-08-02,600120,1,1628,1,1,0,0.4,2,123,185,F51,,
2017-06-09,600120,1,2840,2,2,0,3.13,1.5,12,122,F51,,
2017-06-08,600120,1,1508,3,0,1,2.48,2,319,247,F51,,
2017-08-17,600120,1,1474,2,2,0,0.44,2,123,185,F51,,
2017-11-17,600120,1,2211,3,3,1,2.92,2,319,247,F51,,
2017-10-27,600120,1,1120,1,0,2,2.87,2,319,247,F51,,
2017-09-11,600120,1,1842,3,0,1,2.74,2,319,247,F51,,
2017-09-12,600120,1,3975,3,0,1,2.74,2,319,247,F51,,
2017-09-13,600120,1,1615,2,2,0,2.75,2,319,247,F51,,
2017-09-21,600120,1,8547,26,12,3,5.28,2,220,355,F51,,
2017-08-30,600120,1,1551,6,5,0,0.48,2,123,185,F51,,
2017-12-18,600121,1,7344,13,8,5,2.6,1,80,277,B06,,
2017-12-04,600121,1,1880,2,2,0,5.78,2,207,131,B06,,
2017-11-30,600121,3,20676,26.67,13,2,3.61,2.25,367.5,232,B06,,
2017-11-27,600121,1,1597,1,0,1,5.76,2,207,131,B06,,
2017-07-31,600121,1,1863,1,0,1,5.44,2,207,131,B06,,
2017-12-15,600122,1,12226,18,10,8,2.29,1.5,110,228,F52,,
2017-07-12,600123,1,1420,4,3,0,0,0.5,1,60,B06,,
2017-02-04,600132,1,33672,37,16,8,1.7,2,30,354,C15,,
2017-03-27,600132,1,3418,8,3,0,2.75,2,200,313,C15,,
2017-07-25,600135,1,5297,7,6,1,0.27,2,30,97,C26,,
2017-05-05,600135,1,3701,1,1,0,1.72,1.5,356,53,C26,,
2017-04-03,600141,1,11905,18,14,7,2.08,1.5,97,397,C26,,
2017-08-17,600141,1,53917,63,40,14,2.11,2,27,221,C26,,
2017-11-16,600151,1,14048,30,7,2,6.73,1,6,286,C39,,
2017-04-13,600157,1,9629,6,6,1,1.99,1,20,53,B06,,
2017-05-07,600157,1,2815,14,14,0,0.51,1.5,86,4,B06,,
2017-09-15,600158,1,12737,25,9,3,1.99,2,126,329,K70,,
2017-02-24,600158,1,18153,15,0,4,0.16,2,30,179,K70,,
2017-12-15,600166,1,14440,40,19,1,0.25,0,770,375,C36,,
2017-12-07,600166,1,128283,82,40,35,2.96,2,40,340,C36,,
2017-12-03,600166,1,7542,20,20,3,0.41,2,68,67,C36,,
2017-09-22,600166,2,2929,2,2,0,10.06,2,66,173,C36,,
2017-10-25,600166,1,50487,121,28,14,1.2,2,40,370,C36,,
2017-08-21,600168,1,2704,0,0,7,8.78,0,23,10,D46,,
2017-12-29,600169,1,6447,9,0,2,0.73,2,182,329,C35,,
2017-12-27,600169,1,1771,2,0,0,0.72,2,182,329,C35,,
2017-12-25,600169,2,2520,3.5,0.5,0,0.72,2,182,329,C35,,
2017-12-23,600169,1,5511,6,0,2,0.71,2,182,329,C35,,
2017-12-20,600169,1,2429,2,0,1,0.7,2,180,327,C35,,
2017-11-29,600169,1,19719,22,16,6,0.64,2,182,329,C35,,
2017-11-21,600169,1,7142,7,4,7,0.62,2,180,327,C35,,
2017-07-07,600169,1,1718,1,0,0,2.27,2,704,383,C35,,
2017-07-14,600171,1,15567,16,10,9,0.02,1.5,11,35,C39,,
2017-10-11,600172,1,2582,3,2,6,0.66,1.5,24,12,C30,,
2017-08-17,600172,1,22860,5,5,0,1.34,1.5,569,344,C30,,
2017-07-14,600172,1,7678,1,1,0,0.99,2,50,6,C30,,
2017-03-07,600172,1,6546,2,2,2,0.92,1.5,15,10,C30,,
2017-11-24,600175,1,6365,20,16,2,2.25,1,9,81,S90,,
2017-06-08,600177,1,812,1,1,0,3.11,1,16,15,K70,,
2017-12-25,600184,1,12161,3,2,0,0.96,2,130,112,C35,,
2017-12-22,600198,1,14618,8,0,1,0.59,2,155,0,C39,,
2017-11-24,600198,1,5310,3,2,2,0.68,2,169,113,C39,,
2017-11-14,600198,1,51914,22,22,12,4.58,0,6,229,C39,,
2017-08-03,600201,1,2,0,0,0,0.24,1.5,36,14,C27,,
2017-12-14,600206,1,86856,9,9,2,1.26,1.5,69,341,C32,,
2017-09-01,600211,1,90825,128,62,28,0.1,1.5,3,77,C27,,
2017-01-31,600216,1,17811,24,18,1,0.01,1.5,9,103,C27,,
2017-05-23,600216,2,3385,17,12,0.5,2.04,2,479,382,C27,,
2017-06-27,600217,1,10854,24,9,13,2.91,1,24,161,C42,,
2017-10-25,600219,1,15299,97,95,3,2.76,2,283,328,C32,,
2017-11-28,600222,1,2918,2,2,0,1.69,1,4,0,C27,,
2017-03-30,600222,1,1441,7,7,0,3.68,1,1,1,C27,,
2017-12-08,600222,1,3704,2,2,3,2.32,1,17,21,C27,,
2017-08-15,600223,1,14815,3,3,0,0.24,1.5,74,0,K70,,
2017-12-13,600225,2,6698,9.5,2,1,0.08,1.5,60,99,K70,,
2017-12-12,600225,1,15974,27,11,5,0.08,1.5,61,100,K70,,
2017-07-10,600229,1,10271,4,4,5,0.14,2,40,0,R85,,
2017-08-03,600229,1,3178,2,2,2,8.68,1,21,0,R85,,
2017-08-03,600230,1,6346,9,4,2,2.07,2,133,94,C26,,
2017-09-19,600230,1,10859,20,0,4,7.48,2,214,382,C26,,
2017-12-02,600230,1,23165,41,18,3,7.69,2,213,387,C26,,
2017-12-18,600230,2,50782,18.5,12.5,3.5,4.4,1.25,107,236,C26,,
2017-12-15,600230,1,47360,62,43,15,7.72,2,213,383,C26,,
2017-09-01,600230,1,26659,83,67,31,4.31,2,180,392,C26,,
2017-12-13,600230,1,13951,47,29,1,7.72,2,213,387,C26,,
2017-08-29,600230,1,4653,11,11,6,0.01,2,56,164,C26,,
2017-12-21,600230,1,12101,22,17,5,2.31,2,276,366,C26,,
2017-05-10,600230,1,14659,46,18,4,0.12,2,136,345,C26,,
2017-11-18,600231,1,35160,52,50,1,0.82,1.5,6,9,C31,,
2017-10-24,600233,1,9929,2,0,0,0.43,1.5,55,0,G60,,
2017-04-19,600233,1,36319,30,17,9,1.01,0,51,95,G60,,
2017-05-03,600240,1,2113,2,0,1,3.95,2,97,277,K70,,
2017-08-08,600242,1,1967,2,2,0,1.29,0.5,4,1,I64,,
2017-08-30,600256,1,2470,6,6,4,2.68,0.5,10,21,B07,,
2017-09-19,600261,1,4127,3,1,1,0.37,2,68,380,C38,,
2017-12-18,600262,1,5731,5,5,1,0.05,1.5,27,145,C35,,
2017-08-30,600269,2,4300,3.5,3.5,0.5,10.49,1.75,108.5,175,G54,,
2017-08-24,600270,1,19471,34,23,9,9.84,1.5,23,46,G58,,
2017-11-03,600271,1,3265,3,2,0,1.5,1,30,9,C39,,
2017-11-19,600271,1,9624,4,2,4,2.33,2,252,399,C39,,
2017-05-13,600279,1,5475,6,6,1,3.17,2,45,49,G55,,
2017-09-08,600282,1,1548,24,9,1,2.22,2,289,309,C31,,
2017-10-25,600283,1,1067,1,0,1,2.5,1,157,72,D46,,
2017-10-30,600283,1,4484,4,3,2,2.51,1,157,72,D46,,
2017-08-02,600292,1,4204,2,2,6,0.13,2,89,107,N77,,
2017-08-14,600292,1,2891,2,2,2,0.16,2,80,102,N77,,
2017-08-12,600292,1,9828,4,2,1,0.15,2,71,94,N77,,
2017-05-03,600295,1,7946,26,9,2,1.49,1,16,47,C31,,
2017-03-12,600295,1,4143,6,1,3,0,2,13,392,C31,,
2017-09-04,600297,1,2171,1,0,0,2.45,2,84,95,F52,,
2017-06-01,600300,1,21822,44,16,19,1.82,2,42,335,C15,,
2017-12-14,600303,1,8740,14,10,3,4.27,2,86,322,C36,,
2017-08-29,600307,1,6517,2,2,0,0.28,1.5,70,0,C31,,
2017-10-20,600309,1,8216,8,7,1,0.01,2,24,210,C26,,
2017-10-28,600310,1,9826,11,11,3,2.23,1,34,142,D44,,
2017-11-01,600310,1,52686,33,31,6,2.24,1,34,142,D44,,
2017-08-14,600311,1,101167,377,212,48,2.11,2,24,243,B09,,
2017-02-15,600311,1,5997,6,0,2,0.09,1.5,54,24,B09,,
2017-08-11,600312,2,10497.5,5,5,3.5,2.79,1.75,19.5,168,C38,,
2017-04-23,600313,1,35379,68,56,31,1.5,0,10,52,A01,,
2017-09-18,600313,1,1608,0,0,2,0.01,2,58,109,A01,,
2017-09-07,600315,1,2765,1,0,0,6.79,1,14,4,C26,,
2017-12-01,600325,1,4044,4,0,3,4.18,2,71,240,K70,,
2017-07-12,600325,1,2526,2,2,3,4.76,1,117,395,K70,,
2017-07-13,600325,2,1933.5,1,1,0,2.28,1,41,189,K70,,
2017-10-10,600326,1,5382,2,3,0,4.73,1.5,51,33,E48,,
2017-07-13,600326,1,4786,2,2,0,0,0.5,3,0,E48,,
2017-10-26,600333,1,10977,21,7,0,2.4,0.5,7,115,D45,,
2017-01-19,600333,1,5705,3,3,2,1.24,2,629,364,D45,,
2017-12-22,600338,1,102869,22,16,4,0.18,2,91,372,B09,,
2017-04-22,600340,1,5473,10,7,1,0,1,1,351,K70,,
2017-04-23,600340,1,23445,2,2,1,0.56,2,325,13,K70,,
2017-12-09,600340,1,7810,7,7,3,0.83,2,58,85,K70,,
2017-04-12,600340,1,82037,166,144,34,1.8,1.5,2,305,K70,,
2017-04-16,600340,1,317910,55,51,31,3.81,2,75,393,K70,,
2017-04-15,600340,1,8720,28,2,1,0.28,2,51,338,K70,,
2017-12-22,600345,1,4761,1,1,0,0.59,1.5,50,0,C39,,
2017-10-17,600351,1,6113,8,6,5,2.23,2,18,56,C27,,
2017-07-25,600352,2,18752,36,30,16,3.5,2.25,462.5,347,C26,,
2017-11-14,600358,1,2856,3,3,0,3.9,2,212,332,I64,,
2017-11-12,600358,1,5958,5,4,1,1.39,2,248,312,I64,,
2017-12-16,600361,1,5464,7,0,0,0.46,1.5,5,39,F52,,
2017-09-20,600362,1,1211,1,0,0,2.56,0.5,9,41,C32,,
2017-11-06,600362,1,1808,1,0,0,2.14,1.5,30,203,C32,,
2017-08-25,600376,1,7637,11,10,3,0.52,2,85,308,K70,,
2017-11-27,600389,1,1951,2,2,0,0.05,1.5,83,15,C26,,
2017-04-24,600389,1,1564,1,1,1,0.62,0.5,4,3,C26,,
2017-11-21,600392,1,215627,112,0,41,1.2,1.5,63,351,C32,,
2017-01-20,600392,2,16242.5,17,14,2,0.01,1.5,6,78,C32,,
2017-11-24,600395,1,6218,7,2,2,8.92,0,225,354,B06,,
2017-12-19,600403,1,15304,59,55,16,0.08,2,167,301,B06,,
2017-12-10,600403,1,13948,30,0,14,0.02,2,74,136,B06,,
2017-12-09,600403,1,6197,14,8,8,0.06,2,110,315,B06,,
2017-11-11,600406,1,38974,32,11,4,4.15,1.5,40,92,I65,,
2017-05-09,600409,1,535139,909,0,116,9.66,0.5,16,348,C26,,
2017-12-08,600410,1,7301,44,0,5,1.07,2,55,325,I65,,
2017-11-21,600410,1,16435,65,64,4,1.97,2,173,338,I65,,
2017-11-18,600410,1,11445,73,22,4,2.75,2,859,379,I65,,
2017-11-17,600410,1,26650,148,27,10,2.75,2,862,378,I65,,
2017-11-15,600410,1,8911,38,13,3,2.74,2,862,322,I65,,
2017-11-14,600410,1,140922,162,149,9,1.95,2,173,337,I65,,
2017-11-12,600410,1,9075,45,38,3,4.49,2,377,358,I65,,
2017-07-06,600410,2,20753,94.5,61.5,12.5,2.67,2.25,283.5,361.5,I65,,
2017-07-21,600410,1,55369,105,67,47,1.86,1,38,149,I65,,
2017-07-26,600410,1,38955,161,0,28,4.19,2,376,350,I65,,
2017-10-01,600410,1,22185,41,40,36,2.07,0.5,64,109,I65,,
2017-12-02,600410,1,151356,311,55,12,2.79,2,862,378,I65,,
2017-06-24,600410,1,26358,98,77,17,4.1,2,377,358,I65,,
2017-01-23,600410,1,4400,4,4,0,1.37,1,38,149,I65,,
2017-11-03,600416,1,20783,12,12,6,0.05,1.5,28,9,C34,,
2017-10-10,600416,1,1463,2,2,0,0.43,1.5,27,364,C34,,
2017-10-30,600418,1,2059,2,1,1,1.9,2,65,38,C36,,
2017-12-26,600422,1,2199,5,0,1,2.69,1.5,298,385,C27,,
2017-03-14,600422,1,39901,14,0,1,1.28,1.5,268,330,C27,,
2017-12-19,600429,1,25113,74,0,8,0.51,0,1449,307,C14,,
2017-06-07,600429,1,28671,39,17,9,0.28,2,25,100,C14,,
2017-05-13,600436,1,13522,16,10,4,1.95,1.5,32,391,C27,,
2017-07-04,600436,1,11103,10,7,7,2.1,1.5,22,60,C27,,
2017-04-15,600436,1,15114,38,7,7,0.28,2,51,338,C27,,
2017-08-07,600438,1,2964,3,3,3,0.71,1.5,14,59,C13,,
2017-07-10,600446,1,5608,1,1,0,0.14,2,192,0,I65,,
2017-09-29,600456,1,23144,46,21,10,10.38,2,55,161,C32,,
2017-07-15,600456,1,281316,231,30,13,0.77,1,123,388,C32,,
2017-03-02,600456,1,1976,5,0,0,10.11,1.5,5,58,C32,,
2017-08-10,600458,1,1779,3,3,2,3.99,1.5,117,166,C29,,
2017-01-29,600458,1,6935,5,1,0,2.11,1,6,125,C29,,
2017-11-30,600458,1,1631,1,1,2,4.3,1.5,117,166,C29,,
2017-12-18,600460,1,750,0,0,0,3.82,2,100,52,C39,,
2017-11-21,600466,1,7460,8,3,8,2.57,2,71,356,K70,,
2017-01-12,600466,1,7135,2,1,2,0,2,19,95,K70,,
2017-12-27,600469,1,5379,4,4,0,1.17,1.5,28,396,C29,,
2017-10-22,600469,1,79982,261,261,17,3.41,0.5,30,35,C29,,
2017-10-11,600477,1,3108,5,4,0,0.92,0,12,390,E50,,
2017-10-12,600478,1,8425,1,1,0,1.63,0,34,22,C38,,
2017-10-23,600478,1,11704,30,0,3,0.43,2,135,0,C38,,
2017-05-14,600480,1,1613,3,2,0,2.03,1,51,124,C36,,
2017-10-31,600480,1,6485,4,4,5,1.15,2,28,173,C36,,
2017-05-06,600487,1,12327,23,14,4,0.18,2,69,325,C38,,
2017-06-28,600487,1,8005,4,4,4,3.11,1,4,17,C38,,
2017-12-24,600487,1,123263,122,120,23,5.43,2,91,309,C38,,
2017-04-15,600487,1,9886,30,1,3,0.28,2,51,338,C38,,
2017-09-07,600487,1,77501,278,271,90,2.42,2,14,68,C38,,
2017-05-08,600487,1,29542,110,53,1,0.75,2,228,300,C38,,
2017-08-04,600489,1,2768,2,2,2,0.36,2,272,120,B09,,
2017-10-18,600489,1,41952,94,36,10,2.55,1.5,16,113,B09,,
2017-12-23,600490,1,18624,16,10,3,1.29,1.5,47,122,C32,,
2017-08-20,600496,1,28619,53,12,11,2.44,2,8,361,E50,,
2017-08-16,600499,1,11707,24,19,3,1.3,1.5,418,319,C35,,
2017-12-07,600500,1,79426,112,14,11,2.01,1.5,319,324,C26,,
2017-04-01,600502,1,2154,1,1,2,1.99,1,10,87,E48,,
2017-06-17,600508,1,136366,184,140,67,0,2,5,58,B06,,
2017-12-21,600509,1,45394,70,6,4,0,1,10,111,D44,,
2017-03-30,600509,1,3640,8,7,26,0.42,2,244,342,D44,,
2017-10-03,600516,1,11227,8,8,6,0.15,1,14,4,C30,,
2017-09-01,600516,2,4317.5,6.5,0.5,1.5,0.29,1.75,176,238.5,C30,,
2017-09-07,600516,1,2499,7,0,1,0.56,2,324,355,C30,,
2017-09-17,600516,1,1004150,1651,855,128,4.77,2,4,326,C30,,
2017-02-22,600516,1,1625,1,1,0,1.6,1.5,57,351,C30,,
2017-07-05,600518,1,2046,1,1,1,0.61,2,93,10,C27,,
2017-02-15,600519,1,236149,328,149,85,9.35,2,59,334,C15,,
2017-04-15,600519,1,29418,42,6,2,0.28,2,51,338,C15,,
2017-04-20,600519,1,4315,9,3,4,2.18,1,6,191,C15,,
2017-06-12,600519,1,12552,27,7,4,0.1,2,29,307,C15,,
2017-06-27,600519,1,2102,2,0,0,0.22,2,51,201,C15,,
2017-09-04,600519,1,6036,29,29,0,0.3,2,105,0,C15,,
2017-10-09,600519,1,27012,13,13,2,2.05,1,12,10,C15,,
2017-10-10,600519,1,32866,61,61,0,0.39,2,105,0,C15,,
2017-10-15,600519,2,8459,30,9.5,0.5,0.46,0,1617,113,C15,,
2017-10-16,600519,1,6255,21,6,0,0.47,0,1617,113,C15,,
2017-10-23,600519,1,1029,1,1,0,2.35,2,125,122,C15,,
2017-10-27,600519,5,7276.6,23,10,2.6,4.15,1.67,608,243.67,C15,,
2017-11-07,600519,1,2632,4,4,3,2.73,1,6,191,C15,,
2017-11-19,600519,1,6201,25,6,4,3.24,2,135,365,C15,,
2017-11-21,600519,2,8205.5,24,9,3,3.24,2,135,365,C15,,
2017-11-25,600519,1,16178,50,15,3,4.53,2,274,329,C15,,
2017-11-26,600519,1,1352,1,1,4,2.79,1,6,191,C15,,
2017-12-02,600519,1,1383,1,1,0,10.15,2,59,334,C15,,
2017-11-16,600522,1,33786,46,26,9,1.41,2,24,337,C38,,
2017-11-22,600522,1,28212,52,26,11,2.82,2,314,333,C38,,
2017-12-04,600522,1,23108,41,20,2,2.86,2,314,332,C38,,
2017-08-17,600522,1,7248,1,1,0,2.98,1.5,388,168,C38,,
2017-05-17,600525,1,12317,3,3,1,0.1,0.5,2,11,C39,,
2017-02-15,600535,1,5392,2,1,5,1.79,2,171,4,C27,,
2017-10-26,600535,1,15418,30,14,9,2.83,2,37,349,C27,,
2017-05-05,600537,1,6683,8,0,2,1.92,1.5,183,78,C38,,
2017-04-26,600537,1,8936,35,23,7,2.01,1,27,347,C38,,
2017-03-27,600537,1,1244,0,0,0,1.93,1,27,347,C38,,
2017-06-02,600537,1,1744,1,1,3,2.11,1,27,347,C38,,
2017-08-14,600537,1,1827,4,4,1,2.31,1,27,347,C38,,
2017-12-29,600545,3,8498.67,26.67,18.67,4.33,2.3,2.17,212,339.33,C35,,
2017-11-06,600545,1,10397,38,24,3,2.16,1.5,495,386,C35,,
2017-10-17,600545,1,22150,133,62,5,2.1,1.5,502,307,C35,,
2017-09-01,600545,1,21656,97,28,13,1.98,1.5,496,390,C35,,
2017-05-20,600545,1,17457,97,51,3,0.29,2,142,316,C35,,
2017-03-24,600545,1,2622,26,26,5,1.54,1.5,502,307,C35,,
2017-12-25,600547,1,355690,234,0,37,1.25,2,38,316,B09,,
2017-12-02,600547,1,212735,622,114,47,2.26,2,12,324,B09,,
2017-12-20,600547,1,5542,6,2,7,8.34,2,526,396,B09,,
2017-06-28,600550,1,95195,90,52,34,1.89,1.5,23,324,C38,,
2017-05-10,600560,1,6323,10,7,3,1.97,2,58,69,C35,,
2017-11-13,600562,1,24258,122,122,4,4.2,1.5,19,15,C39,,
2017-11-16,600562,1,5213,5,5,0,4.21,1.5,19,15,C39,,
2017-12-29,600562,1,9989,22,22,0,4.32,1.5,19,15,C39,,
2017-05-04,600562,1,1686,4,4,1,3.67,1.5,19,15,C39,,
2017-09-15,600569,2,2.5,0,0,0,2.94,2.25,546,297.5,C31,,
2017-04-17,600571,1,3842,1,0,1,1.9,2,47,20,I65,,
2017-07-26,600575,1,567,1,0,0,10.07,1,17,179,G55,,
2017-11-21,600576,1,8234,40,37,20,0.01,2,157,396,R87,,
2017-06-14,600576,1,1541,2,1,1,0.28,1.5,71,61,R87,,
2017-11-29,600576,1,12468,11,4,2,0,1.5,18,58,R87,,
2017-09-06,600578,1,3026,1,1,0,1.46,1,6,14,D44,,
2017-08-31,600584,1,9022,18,10,1,0.24,2,33,371,C39,,
2017-08-06,600584,2,30198,61,21,4,0.17,2,34,347,C39,,
2017-12-11,600587,1,49015,4,4,0,0.56,1.5,40,0,C35,,
2017-05-03,600590,1,4358,5,6,14,2.17,1.5,44,16,C38,,
2017-08-28,600594,1,32950,10,10,4,0.28,1.5,46,0,C27,,
2017-10-13,600595,1,18278,45,45,37,2.43,1.5,2,3,C32,,
2017-04-28,600595,1,2108,1,1,1,0.06,2,61,9,C32,,
2017-10-17,600596,1,1317586,244,59,25,2.53,2,118,344,C26,,
2017-09-20,600596,1,37730,28,27,10,1.99,1,3,5,C26,,
2017-12-26,600598,2,2303.5,4.5,1,0.5,3.6,2.25,392,367,A01,,
2017-07-12,600598,1,200809,103,14,24,2.01,2,5,309,A01,,
2017-11-04,600598,1,5134,6,6,0,0.13,1,12,359,A01,,
2017-02-20,600598,1,1836,1,1,2,0,2,51,235,A01,,
2017-10-20,600604,1,1250,1,0,0,2.81,2,67,93,K70,,
2017-11-08,600604,1,2853,4,1,2,2.53,2,575,334,K70,,
2017-06-09,600606,1,2566,1,1,0,0,0.5,1,0,K70,,
2017-07-19,600606,1,1129,1,1,0,0.36,0.5,3,17,K70,,
2017-03-14,600606,1,2609,13,6,0,2.01,2,83,250,K70,,
2017-09-19,600606,1,1907,3,1,3,2.66,1.5,27,52,K70,,
2017-10-24,600611,1,270567,842,827,32,2.11,2,3,90,G54,,
2017-04-23,600614,1,7318,4,4,1,2.4,1,28,31,C42,,
2017-12-03,600617,1,4490,1,1,1,0,0.5,2,0,D45,,
2017-12-12,600617,1,3980,3,3,0,0.82,1,20,24,D45,,
2017-11-25,600617,1,58933,4,4,2,2.55,2,62,97,D45,,
2017-11-07,600617,1,25895,7,5,4,0,1,1,2,D45,,
2017-03-22,600622,1,24237,5,3,1,0,1,4,1,K70,,
2017-11-03,600623,1,6670,7,0,9,2.33,2,129,369,C26,,
2017-01-19,600623,1,23300,38,26,8,1.39,1.5,32,118,C26,,
2017-11-16,600633,1,25070,60,9,10,0.31,1.5,35,358,R85,,
2017-10-31,600633,1,4529,5,3,1,3.89,1.5,204,118,R85,,
2017-10-19,600633,1,3108,7,7,1,3.13,1.5,54,203,R85,,
2017-03-15,600634,1,18330,7,5,2,0.02,1,3,3,I64,,
2017-05-07,600635,1,141991,36,36,14,4.11,0,1070,0,D45,,
2017-11-02,600635,1,14885,1,1,2,2.53,1,121,71,D45,,
2017-09-10,600640,1,13166,17,14,1,0.04,1.5,10,8,L72,,
2017-08-22,600641,1,1508,0,0,0,1.05,1.5,80,34,K70,,
2017-12-15,600642,1,15287,10,4,9,0.03,0,44,34,D45,,
2017-11-25,600644,1,24328,38,38,0,1.46,1,2,2,D44,,
2017-05-23,600644,1,42855,133,95,18,2.14,1.5,9,271,D44,,
2017-05-23,600649,1,4559,16,4,3,0.04,1.5,13,92,K70,,
2017-05-24,600649,2,3941.5,9,4,2,0.05,1.5,13,92,K70,,
2017-12-28,600655,1,2493,1,0,1,1.62,0.5,330,392,F52,,
2017-12-27,600655,1,19868,66,39,1,4.43,2,40,113,F52,,
2017-05-21,600657,1,92559,254,153,69,2.68,1,17,308,K70,,
2017-12-21,600664,2,40258,141,138,2,1.21,1.5,155,385,C27,,
2017-12-22,600664,2,33327,137.5,0,1.5,0.91,1,72,84,C27,,
2017-12-20,600664,1,123098,140,140,5,1.21,1.5,155,377,C27,,
2017-12-16,600664,1,6284,21,17,1,1.2,1.5,154,392,C27,,
2017-10-26,600664,4,42006.5,152,151.75,5.75,1.61,2.17,439.33,190.33,C27,,
2017-03-21,600675,1,6263,8,3,1,0.08,2,74,377,K70,,
2017-03-22,600675,1,8079,6,4,1,0.09,2,74,377,K70,,
2017-02-21,600675,1,2743,2,2,0,0.01,2,74,377,K70,,
2017-05-02,600681,1,227077,526,0,44,1.88,1,92,242,D45,,
2017-11-19,600688,1,71469,120,5,9,0.01,1.5,18,345,C25,,
2017-12-09,600690,1,5428,8,0,1,2.97,2,38,336,C38,,
2017-12-13,600690,1,12232,34,5,2,0.94,2,51,338,C38,,
2017-12-22,600690,1,270898,81,81,22,3.82,1,10,4,C38,,
2017-05-04,600691,1,1357,1,1,0,0.21,1,2,27,C26,,
2017-06-08,600691,1,15601,26,23,7,2.09,1.5,4,39,C26,,
2017-11-12,600694,1,5791,4,3,4,3.48,1,43,366,F52,,
2017-12-14,600699,1,2662,2,0,2,0.77,2,64,201,C36,,
2017-12-27,600701,1,33846,79,0,9,2.58,2,36,312,I65,,
2017-10-16,600704,1,3871,7,0,0,7.76,1.5,49,57,F51,,
2017-12-21,600704,1,7222,6,0,6,1.12,1,2,6,F51,,
2017-11-08,600708,1,24873,60,60,15,0.49,2,22,80,K70,,
2017-10-28,600708,1,28234,50,50,13,0.46,2,21,66,K70,,
2017-12-02,600708,1,4652,6,2,1,2.58,2,66,384,K70,,
2017-10-31,600708,1,21656,49,49,9,0.47,2,21,66,K70,,
2017-10-24,600708,1,3029,7,7,4,2.01,2,296,361,K70,,
2017-11-01,600711,1,54762,63,39,22,10.73,1.5,135,376,B09,,
2017-09-01,600711,1,19643,11,11,8,5.56,1.5,51,86,B09,,
2017-02-21,600711,1,104981,29,28,19,0,1.5,1,0,B09,,
2017-11-08,600713,1,5203,4,4,2,3.51,2,333,282,F52,,
2017-10-31,600713,1,25959,6,0,4,4.6,0,1158,0,F52,,
2017-04-27,600716,2,33107,14,12,7,9.93,0,709,293,K70,,
2017-11-09,600716,1,6242,13,6,2,3.28,1,1,61,K70,,
2017-09-11,600720,1,12493,23,0,21,1.08,2,1610,226,C30,,
2017-09-16,600720,1,13194,21,0,3,3.05,1,6,195,C30,,
2017-12-30,600721,1,36390,45,43,4,0.93,1.5,3,8,M73,,
2017-02-15,600727,1,186359,358,0,87,0.35,0,4,121,C26,,
2017-11-16,600728,1,9854,4,4,0,2.48,1,6,386,I65,,
2017-11-14,600728,1,1444,1,0,0,2.48,1.5,6,343,I65,,
2017-11-10,600730,1,10123,3,3,0,3.13,2,21,315,K70,,
2017-11-22,600730,1,10640,4,2,0,2.7,1.5,89,304,K70,,
2017-11-16,600730,1,12458,48,47,19,0.33,2,78,384,K70,,
2017-12-14,600731,1,170420,481,269,16,0.51,2,15,370,C26,,
2017-11-21,600737,1,20500,63,59,4,0.62,2,169,351,C13,,
2017-09-13,600737,1,23422,46,40,6,0.44,2,168,351,C13,,
2017-06-21,600738,1,26739,49,39,8,0.34,2,8,194,F52,,
2017-12-06,600739,1,7004,45,0,1,0.75,2,39,390,F51,,
2017-11-26,600739,1,23509,32,27,12,4.41,1.5,175,80,F51,,
2017-08-04,600739,1,47983,62,35,6,3.11,1.5,67,396,F51,,
2017-12-02,600741,1,126112,157,113,36,0.67,2,10,390,C36,,
2017-05-17,600745,1,46039,55,11,21,3.02,1.5,73,245,C39,,
2017-08-31,600746,1,1989,2,2,0,0,1,7,17,C26,,
2017-06-01,600751,1,5389,8,7,1,1.75,0,2139,380,F51,,
2017-11-13,600754,1,134032,514,231,12,0.73,1,2,386,H61,,
2017-09-26,600755,1,855,1,1,1,0.11,0,4,23,F51,,
2017-08-01,600755,1,9196,9,4,3,2.43,1.5,67,369,F51,,
2017-08-25,600755,1,143304,328,328,18,0.27,2,149,0,F51,,
2017-08-29,600755,2,7758.5,16.5,0,2,0.52,2,86,330,F51,,
2017-11-21,600757,1,5097,6,6,0,1.71,2,305,350,R85,,
2017-08-03,600760,2,103538.5,143,130,27.5,1.36,1.75,46,156,C36,,
2017-03-29,600761,1,206286,538,127,74,4.07,2,210,316,C35,,
2017-07-12,600771,1,1560,1,0,1,1.67,2,102,329,C27,,
2017-11-16,600773,1,13151,14,5,1,0.9,1,3,18,K70,,
2017-12-03,600780,1,7082,12,7,2,2.61,2,66,377,D44,,
2017-08-22,600780,1,103056,230,103,26,2.24,1.5,70,253,D44,,
2017-06-28,600780,1,6557,14,6,3,2.17,2,66,377,D44,,
2017-11-08,600782,1,2381,2,2,1,0.05,0,1,0,C31,,
2017-11-12,600783,1,2198,1,0,0,0.98,2,94,361,S90,,
2017-12-03,600783,1,9026,17,5,5,1.04,2,95,387,S90,,
2017-12-17,600783,1,4793,2,0,0,1.08,2,94,362,S90,,
2017-11-06,600784,1,47586,54,20,13,0.63,1.5,4,133,S90,,
2017-12-18,600785,1,18812,55,52,5,0,1,1,3,F52,,
2017-10-14,600785,1,9024,10,8,5,2.54,0.5,286,391,F52,,
2017-01-08,600785,1,29897,118,97,1,0.63,0.5,53,377,F52,,
2017-01-12,600785,2,14199.5,44.5,11,1,0.64,1,57,387,F52,,
2017-12-31,600785,1,9310,40,11,4,0.1,2,174,320,F52,,
2017-07-17,600787,1,1933,2,2,0,2.03,0,26,130,G59,,
2017-10-09,600795,1,16427,7,7,3,0.39,1.5,133,0,D44,,
2017-07-05,600797,1,9346,4,4,2,0.96,1,6,39,I65,,
2017-12-29,600803,1,3882,2,2,1,1.25,2,462,317,C26,,
2017-05-25,600805,1,3554,4,3,3,2.09,1.5,57,130,S90,,
2017-03-02,600808,1,10707,31,28,1,0.06,2,153,385,C31,,
2017-07-06,600808,1,3989,4,4,1,0.41,2,153,385,C31,,
2017-04-15,600809,1,10919,27,1,3,0.28,2,51,338,C15,,
2017-02-23,600809,1,1132,1,1,0,0,2,211,367,C15,,
2017-10-17,600823,1,30372,2,0,2,0.41,0.5,2,0,K70,,
2017-11-06,600823,1,37483,3,3,0,0.47,0.5,2,0,K70,,
2017-05-08,600823,1,17660,93,93,11,5.35,1.5,15,14,K70,,
2017-05-22,600826,1,8685,2,2,2,1.11,0.5,1,17,F51,,
2017-11-15,600827,1,13623,28,0,3,0.67,2,31,396,F52,,
2017-12-22,600828,1,9542,6,0,2,0.31,2,37,364,F52,,
2017-11-13,600828,1,43263,138,54,19,0.73,2,74,302,F52,,
2017-09-24,600828,1,2716,2,0,0,0.59,2,74,305,F52,,
2017-10-24,600835,1,212790,149,15,25,0.28,2,66,271,C34,,
2017-10-24,600839,1,26733,17,17,21,4.58,0,2796,0,C39,,
2017-06-27,600839,1,1895,1,1,1,1.28,2,75,333,C39,,
2017-08-15,600839,1,5438,12,3,0,4.13,1.5,9,390,C39,,
2017-12-05,600845,1,24376,25,16,19,1.33,2,283,141,I65,,
2017-02-14,600848,1,7766,5,4,1,0.27,2,339,117,K70,,
2017-08-16,600858,2,21153,62,46.5,6.5,6.44,1.75,993,151,F52,,
2017-11-15,600859,1,131054,193,192,6,0.67,2,27,366,F52,,
2017-11-08,600859,1,21057,112,108,1,0.65,2,27,366,F52,,
2017-03-27,600864,1,1437,1,1,0,0,2,272,120,D44,,
2017-11-12,600873,1,26454,33,0,5,2.56,2,257,374,C14,,
2017-05-15,600874,1,2273,2,2,0,1.21,1,14,87,D46,,
2017-07-29,600879,1,62750,42,42,15,7.59,1.5,17,168,C35,,
2017-12-25,600881,1,341361,779,530,52,0.12,0,41,314,C30,,
2017-05-23,600881,1,1882409,3210,1171,159,3.27,2,2,366,C30,,
2017-12-22,600884,1,28246,5,5,3,0.59,2,628,0,C38,,
2017-09-20,600886,1,25537,129,110,19,2.65,2,35,344,D44,,
2017-11-16,600886,1,11418,23,0,2,9.99,2,107,279,D44,,
2017-10-23,600886,1,4057,5,0,2,0.68,1,11,269,D44,,
2017-11-16,600887,1,5849,16,1,2,0.58,0,1057,319,C14,,
2017-11-03,600887,1,6499,5,0,0,3.14,2,538,302,C14,,
2017-12-12,600889,1,16671,21,21,6,0.79,2,61,117,C28,,
2017-05-23,600893,1,7879,8,5,1,4.97,0.5,6,29,C37,,
2017-11-20,600894,1,8421,5,5,1,1.54,1.5,34,19,C34,,
2017-05-17,600897,1,89280,118,31,24,0.06,2,36,302,G56,,
2017-06-16,600900,3,2688,1.33,0,0.33,3,2,276,367,D44,,
2017-03-04,600900,1,6300,5,5,3,0.53,1,11,15,D44,,
2017-03-05,600900,1,115709,263,123,23,2.06,1.5,158,174,D44,,
2017-12-21,600903,1,555,1,1,1,2.15,1,137,176,D45,,
2017-12-26,600970,1,65757,126,13,10,5.63,2,34,270,E48,,
2017-10-31,600970,2,1.5,0,0,0,0.45,1.5,28,0,E48,,
2017-04-27,600973,1,1246,1,1,2,0.49,0.5,4,22,C38,,
2017-12-22,600973,1,5561,4,1,3,0.56,1,9,76,C38,,
2017-11-21,600975,1,3419,2,2,1,1.92,1,37,19,A03,,
2017-10-31,600977,1,8259,13,4,2,3.39,1.5,31,304,R86,,
2017-06-24,600977,1,2587,1,0,0,3.7,1.5,91,395,R86,,
2017-11-04,600978,1,29321,29,22,23,1.04,1.5,34,61,C21,,
2017-11-22,600983,1,26162,99,99,1,2.3,1,358,175,C38,,
2017-10-24,600983,1,15950,18,11,8,3.06,2,55,305,C38,,
2017-11-04,600997,1,7806,6,1,8,0.72,1.5,40,109,C25,,
2017-12-14,601000,1,112328,36,32,4,1.87,1.5,34,46,G55,,
2017-12-21,601000,1,11133,32,30,3,0.03,1.5,9,145,G55,,
2017-09-09,601000,1,9471,19,19,5,0.74,2,209,337,G55,,
2017-09-05,601000,1,106538,37,37,9,1.27,2,928,322,G55,,
2017-09-18,601000,1,18765,69,69,6,1.3,2,929,322,G55,,
2017-11-12,601001,1,8443,8,5,1,2.34,1.5,317,338,B06,,
2017-10-27,601003,1,4689,1,1,2,3.01,1,3,3,C31,,
2017-12-12,601008,1,8013,6,5,0,2.65,1.5,238,361,G55,,
2017-04-04,601008,1,12867,7,6,3,4.21,2,32,179,G55,,
2017-10-30,601008,1,26309,17,6,0,1.53,1.5,89,255,G55,,
2017-10-07,601011,1,8401,10,0,4,0.82,0,400,316,C25,,
2017-12-05,601011,1,1491,1,0,0,6.67,2,152,147,C25,,
2017-12-15,601011,1,2680,2,0,0,0.42,2,201,359,C25,,
2017-09-29,601011,1,2546,10,0,0,0.04,1.5,3,60,C25,,
2017-12-12,601012,1,92263,34,6,9,1.69,2,159,314,C30,,
2017-08-24,601016,2,2405,1.5,1,1.5,2.94,0,444,347,D44,,
2017-11-24,601018,1,3698,3,2,1,0.87,1,9,10,G55,,
2017-12-05,601020,1,6634,5,4,1,2.58,1,12,165,B09,,
2017-07-28,601058,1,2061,2,2,0,1.08,1.5,359,46,C29,,
2017-12-20,601069,1,3266,4,0,4,8.34,2,546,303,B09,,
2017-11-14,601069,1,13319,12,3,3,0.13,1.5,15,89,B09,,
2017-10-26,601069,1,10651,8,3,5,0.07,1.5,15,89,B09,,
2017-11-16,601088,1,3803,9,0,0,0.58,0,1057,319,B06,,
2017-10-31,601088,1,4569,15,0,0,0.54,0,1057,345,B06,,
2017-11-03,601098,1,2768,2,0,1,0.16,2,101,343,R85,,
2017-02-25,601101,1,5713,2,2,2,2.18,1.5,20,39,B06,,
2017-06-15,601117,1,7166,6,0,3,1.22,2,93,236,E48,,
2017-12-21,601126,1,45615,59,18,7,0.54,2,126,375,C38,,
2017-08-29,601126,1,20310,7,7,0,0.28,1.5,78,0,C38,,
2017-12-26,601137,1,14645,15,12,4,0,1,3,22,C32,,
2017-05-14,601139,1,12058,14,11,16,0.16,2,85,312,D45,,
2017-11-29,601155,1,255307,300,70,31,0.75,2,43,368,K70,,
2017-02-02,601155,1,87289,171,121,13,2.08,1.5,14,89,K70,,
2017-08-19,601155,1,60817,110,107,29,0.35,2,19,36,K70,,
2017-11-04,601155,1,25990,36,8,5,0.68,1.5,8,212,K70,,
2017-12-22,601163,1,15849,51,51,53,2.35,2,198,193,C29,,
2017-09-19,601168,2,3278.5,5,0,1,0.62,1.5,24,305,B09,,
2017-09-27,601168,2,2947.5,3,2,0.5,2.37,2.25,1271,306.5,B09,,
2017-07-09,601168,1,4689,3,3,0,2.22,1,7,0,B09,,
2017-12-08,601179,1,11215,11,2,2,0.64,2,152,343,C38,,
2017-07-13,601186,1,6582,9,0,6,0.24,0,1057,345,E48,,
2017-12-20,601216,1,63767,27,11,8,1.93,2,72,203,C26,,
2017-04-20,601216,1,5805,2,2,2,0.06,2,253,188,C26,,
2017-05-19,601228,1,4914,8,3,1,3.84,2,110,186,G55,,
2017-04-17,601228,1,1203,0,0,0,0,0,7,14,G55,,
2017-11-18,601311,1,45593,47,13,13,2.36,1,181,256,C38,,
2017-04-19,601366,1,1768,0,0,0,1.15,0.5,12,15,F52,,
2017-07-13,601390,1,8427,9,0,2,0.24,0,1057,345,E48,,
2017-11-27,601500,1,39916,70,36,35,1.25,2,204,274,C29,,
2017-11-15,601519,1,10337,19,17,3,1.98,1.5,22,380,I65,,
2017-11-01,601519,1,3811,13,11,13,0.04,2,82,132,I65,,
2017-11-13,601519,1,2387,2,2,10,0.01,2,157,216,I65,,
2017-12-28,601579,1,7308,2,2,1,0.61,0.5,4,0,C15,,
2017-09-18,601600,2,4807,6,0,1,2.08,1.5,12,268,C32,,
2017-08-27,601600,1,2203,1,0,0,0.36,0,1057,345,C32,,
2017-08-22,601668,1,1616,1,1,1,0.76,1,19,33,E48,,
2017-07-13,601668,1,5307,9,0,1,0.24,0,1057,345,E48,,
2017-06-23,601668,1,4350,7,0,0,1.21,2,89,355,E48,,
2017-05-30,601668,1,4187,3,3,3,5.18,0.5,32,221,E48,,
2017-03-07,601677,1,84533,167,138,15,1.7,1.5,2,305,C32,,
2017-12-15,601699,1,1601,1,1,0,4.12,1.5,24,47,B06,,
2017-10-27,601717,1,1505,1,0,0,3.32,0.5,4,4,C35,,
2017-11-24,601727,1,10291,11,10,5,0.45,1.5,13,55,C34,,
2017-11-22,601777,1,5124,31,8,0,2.45,0,207,320,C36,,
2017-05-09,601777,1,26929,85,0,15,0.88,1.5,29,317,C36,,
2017-12-27,601800,1,3348,2,0,1,0.09,0.5,4,77,E48,,
2017-11-16,601857,1,4225,11,0,1,0.58,0,1057,319,B07,,
2017-02-13,601877,2,3934,2.5,2.5,0.5,0.86,2,382.5,218.5,C38,,
2017-01-10,601877,2,4111,3.5,3,1,0.74,1.5,305,375,C38,,
2017-12-21,601877,4,11901.5,18.5,16.5,2,3.2,2,269.67,232,C38,,
2017-12-17,601877,1,23893,29,29,0,1.15,2,107,390,C38,,
2017-11-09,601880,1,11169,4,3,2,0.91,2,244,204,G55,,
2017-12-23,601898,1,10588,19,14,7,0.83,2,149,317,B06,,
2017-03-24,601899,1,2178,2,2,1,1.96,1.5,85,384,B09,,
2017-08-17,601899,1,2096,4,4,0,3.24,2,200,351,B09,,
2017-10-27,601900,1,966,1,0,0,0.14,1,6,12,R85,,
2017-09-26,601908,1,39770,5,5,6,4.5,0,1070,0,C35,,
2017-09-01,601918,1,3888,5,5,0,3.63,2,169,132,B06,,
2017-11-03,601918,1,2322,2,1,2,5.99,2,76,44,B06,,
2017-04-21,601928,1,2744298,4474,947,180,0.08,0,16,339,R85,,
2017-04-14,601928,1,13668,17,2,5,1.76,0,74,339,R85,,
2017-06-27,601929,1,2551,1,1,3,1.5,1,8,19,I63,,
2017-12-25,601952,1,81241,251,24,35,1.2,1.5,539,311,C13,,
2017-12-22,601952,1,3786,2,1,2,0.26,1,24,50,C13,,
2017-11-07,601958,1,21731,80,71,3,1.8,2,110,366,B09,,
2017-10-19,601958,1,21057,83,83,7,4.17,2,143,2,B09,,
2017-06-21,601966,1,121175,51,25,18,0,1.5,9,382,C29,,
2017-07-04,601966,1,34673,43,24,9,0.04,1.5,9,378,C29,,
2017-07-18,601966,1,8274,12,13,2,1.38,1.5,183,334,C29,,
2017-07-20,601966,1,9008,11,11,1,2.52,1,12,36,C29,,
2017-07-21,601966,6,14889.5,13.67,4.17,2.83,0.08,1.5,9,376,C29,,
2017-12-04,601985,1,15393,68,44,7,0,2,98,350,D44,,
2017-12-26,601985,1,1089,1,1,0,2.69,2,169,313,D44,,
2017-12-18,601985,1,2208,6,4,1,2.67,2,169,313,D44,,
2017-12-19,601985,1,1316,2,2,0,2.67,2,183,339,D44,,
2017-11-16,601985,1,5228,7,7,1,3.15,1.5,23,96,D44,,
2017-08-02,601985,1,8677,15,10,5,1.81,1.5,149,304,D44,,
2017-02-03,601989,2,496939,289,50,55,2.3,2,380,389,C37,,
2017-06-22,601991,1,14857,27,16,10,1.06,1.5,57,141,D44,,
2017-08-11,601991,1,4192,4,1,1,1.2,1.5,57,141,D44,,
2017-06-12,601992,1,1168,1,1,2,2.78,0.5,12,345,C30,,
2017-07-17,601992,1,1155,0,0,2,2.17,1,10,26,C30,,
2017-04-18,601992,1,89646,135,124,22,0.05,1.5,2,158,C30,,
2017-05-02,603000,1,50923,26,0,12,4.1,0,2250,0,I64,,
2017-08-29,603000,1,31451,20,15,9,2.55,2,906,349,I64,,
2017-12-09,603001,1,1863,1,1,0,0.01,1,43,59,C19,,
2017-12-06,603001,1,14337,75,75,4,2.43,2,268,204,C19,,
2017-11-08,603001,1,27482,79,14,13,2.15,1.5,37,215,C19,,
2017-04-27,603007,1,2020,1,0,0,2.37,0.5,7,7,E48,,
2017-12-01,603020,1,13927,1,1,0,0.54,1.5,49,0,C14,,
2017-11-20,603037,1,4860,4,4,0,1.22,2,96,357,C36,,
2017-06-25,603037,1,358802,988,527,98,2.33,2,221,387,C36,,
2017-07-29,603037,1,1712,2,2,0,0.44,2,64,315,C36,,
2017-03-26,603039,1,95410,217,43,9,0.08,2,39,371,I65,,
2017-02-09,603039,1,1137,3,0,1,0.48,0.5,7,9,I65,,
2017-11-19,603040,1,38063,120,96,3,2.38,1,1,27,C33,,
2017-01-23,603040,1,884,0,1,0,1.77,1.5,61,34,C33,,
2017-12-05,603041,1,43427,1,1,0,0.55,1,14,0,C26,,
2017-06-28,603041,1,30289,5,5,0,0.11,1,14,0,C26,,
2017-07-06,603042,1,18890,5,5,2,0.09,1.5,41,0,C39,,
2017-07-07,603043,1,4585,3,3,3,1.66,0.5,3,176,C14,,
2017-11-23,603050,1,7909,2,0,0,0.52,2,149,0,C38,,
2017-11-22,603050,1,3251,7,5,0,1.93,1,37,388,C38,,
2017-09-25,603050,1,6352,1,1,0,0.35,2,149,0,C38,,
2017-09-20,603050,1,20656,9,9,7,0.34,2,149,0,C38,,
2017-06-21,603066,1,2301,0,0,0,0.88,1.5,80,34,G59,,
2017-02-22,603069,1,37043,43,39,5,1.73,2,24,53,G54,,
2017-06-01,603099,1,131939,428,108,49,2.6,2,132,384,N78,,
2017-10-20,603103,1,727,0,1,0,2.5,0.5,18,196,R86,,
2017-09-07,603113,1,947,1,1,0,2.3,0,11,35,C25,,
2017-08-15,603117,1,4042,3,3,1,2.7,1,11,130,L72,,
2017-11-28,603117,1,3314,1,0,1,1.35,2,627,345,L72,,
2017-11-16,603127,1,11797,7,5,6,4.35,2,957,304,M73,,
2017-11-02,603127,1,3176,4,4,2,4.86,0.5,1,34,M73,,
2017-10-11,603138,1,4531,3,0,1,0.51,2,72,318,I65,,
2017-11-09,603138,1,17369,13,9,7,0.46,1.5,14,38,I65,,
2017-11-16,603138,1,16964,51,8,8,0.61,2,72,318,I65,,
2017-12-26,603138,1,3129,1,1,5,4.26,0,200,142,I65,,
2017-11-17,603139,1,4481,5,5,0,0.18,2,474,225,C27,,
2017-11-27,603157,1,9904,5,5,2,0.23,1,37,0,C18,,
2017-09-17,603157,1,1870,2,2,7,1.87,1,6,135,C18,,
2017-11-08,603158,1,4892,3,3,0,6.06,0.5,28,22,C36,,
2017-05-23,603166,1,6349,6,4,6,7.09,1,6,55,C36,,
2017-12-20,603180,1,16088,1,1,0,0.59,1.5,177,0,C21,,
2017-10-18,603197,1,1502,2,2,0,0.08,0,10,10,C36,,
2017-06-09,603198,1,4165,4,2,1,1.55,2,593,334,C15,,
2017-08-07,603199,1,15341,9,2,0,9.54,2,77,70,N78,,
2017-03-16,603239,1,74499,204,204,15,3.16,2,475,331,C36,,
2017-06-29,603239,1,10851,18,18,4,0.11,1.5,54,0,C36,,
2017-08-23,603288,1,12759,22,1,4,0.35,0,1057,345,C14,,
2017-08-11,603288,1,5448,5,2,0,2.2,2,331,235,C14,,
2017-11-20,603299,1,3013,2,1,0,0.78,2,193,354,C26,,
2017-12-29,603303,1,22790,24,20,10,1.86,1,5,103,C38,,
2017-05-19,603303,1,1311,2,2,1,1.57,2,141,253,C38,,
2017-12-31,603308,1,50816,61,31,4,1.63,2,125,374,C35,,
2017-07-28,603313,1,9699,25,12,1,3.68,1.5,25,67,C21,,
2017-07-14,603326,1,12999,18,17,8,0.41,1,9,16,C21,,
2017-02-22,603330,1,756,1,1,3,1.57,1.5,34,119,C26,,
2017-12-04,603337,1,18655,11,10,6,4.12,2,785,305,C35,,
2017-11-19,603337,1,21401,17,12,3,1.87,2,16,261,C35,,
2017-09-05,603337,1,64257,140,140,131,0.08,2,56,48,C35,,
2017-03-27,603338,1,97853,211,211,12,3.19,2,504,350,C35,,
2017-09-16,603359,1,428960,587,299,69,2.18,2,159,317,E48,,
2017-09-15,603359,1,370,1,1,0,1.37,1.5,26,90,E48,,
2017-08-25,603359,1,40041,30,0,23,3.31,0,10,21,E48,,
2017-10-20,603367,1,7102,17,16,4,0,1,8,19,C27,,
2017-05-16,603385,1,553895,1175,709,97,0.95,2,389,388,C30,,
2017-08-18,603385,1,2649,3,3,0,1.1,2,1274,380,C30,,
2017-04-27,603385,1,531,1,1,0,1.98,0,28,110,C30,,
2017-09-04,603388,1,2428,1,1,8,0.3,1.5,34,0,E48,,
2017-11-21,603416,1,4734,2,2,0,2.37,1.5,39,133,C40,,
2017-08-03,603444,1,7422,17,16,5,1.64,1.5,168,368,I64,,
2017-04-09,603444,1,2206,2,1,1,0.58,1,18,113,I64,,
2017-05-12,603444,1,2262,2,1,2,6.67,2,34,392,I64,,
2017-09-01,603458,1,61472,65,62,22,1.44,2,837,316,M74,,
2017-11-22,603500,1,25114,6,6,3,0.27,1,9,0,C37,,
2017-10-19,603505,1,366685,683,514,28,7.1,2,25,355,B10,,
2017-11-06,603515,1,11663,4,4,0,2.58,2,288,371,C38,,
2017-10-19,603528,1,27104,93,11,9,0.71,2,190,330,C39,,
2017-07-07,603528,1,5552,11,0,0,0.04,1,8,26,C39,,
2017-10-26,603533,1,7404,14,13,2,2.42,1,3,1,I64,,
2017-12-07,603536,1,6104,3,2,4,0.14,1,1,373,C13,,
2017-01-10,603556,1,572,1,1,0,1.72,2,218,309,C40,,
2017-10-18,603585,1,1601,1,0,0,0.95,1,20,9,C26,,
2017-04-09,603586,1,1117,2,1,0,1.78,0.5,3,48,C36,,
2017-08-23,603602,1,7337,13,10,3,2.41,2,80,93,I65,,
2017-11-26,603605,1,5481,6,4,4,2.61,2,94,363,C26,,
2017-12-25,603608,1,9926,15,8,2,2.01,2,130,317,C19,,
2017-12-07,603611,1,7152,12,2,1,1.23,1,136,342,C34,,
2017-11-29,603612,2,171287,87,37,20,2.68,1.5,30,347,C30,,
2017-10-26,603612,1,17139,3,3,6,2.01,2,621,375,C30,,
2017-04-17,603618,1,107820,81,81,13,0.33,1.5,45,39,C38,,
2017-11-29,603619,1,4624,6,5,1,0.31,2,65,355,B11,,
2017-11-17,603619,1,7716,11,10,9,0.14,2,110,353,B11,,
2017-03-14,603633,1,13735,30,11,6,1.8,2,64,210,C39,,
2017-12-20,603648,1,615142,1149,459,86,3.18,2,23,336,L72,,
2017-11-20,603648,1,52661,31,28,19,0.3,2,98,363,L72,,
2017-11-17,603656,1,26748,6,6,0,0.5,1.5,40,0,C35,,
2017-12-04,603656,1,36696,2,2,0,0.55,1.5,40,0,C35,,
2017-12-20,603659,1,9494,5,5,2,2.47,2,312,266,C38,,
2017-11-12,603659,1,7606,8,8,10,3.14,1,2,333,C38,,
2017-08-11,603676,1,60436,118,14,20,1.61,2,29,377,C27,,
2017-10-09,603678,1,12559,59,59,38,2.48,0,27,7,C39,,
2017-03-27,603678,1,104028,200,200,19,3.19,2,504,350,C39,,
2017-06-07,603699,1,7256,7,7,1,1.57,2,177,79,C34,,
2017-11-03,603716,1,26291,20,20,8,0.46,2,43,0,F51,,
2017-11-03,603717,1,38352,115,66,15,0.84,2,30,267,E48,,
2017-07-13,603717,1,1016,1,0,1,1.98,0.5,18,8,E48,,
2017-05-16,603727,1,2954,6,1,0,1.52,1.5,48,81,B11,,
2017-07-12,603728,1,3185,2,1,0,1.02,1.5,8,26,C38,,
2017-03-06,603729,1,34694,17,1,0,0.03,1,5,31,L72,,
2017-11-16,603730,1,1460,3,3,0,2.28,1,101,103,C36,,
2017-12-07,603776,1,41985,179,0,10,2.25,0,11,309,M74,,
2017-11-10,603789,1,2818,1,1,3,0.02,2,72,102,C35,,
2017-10-05,603799,1,41175,37,4,46,3.13,1,4,393,C32,,
2017-08-16,603799,1,2389,3,3,1,4.02,1,18,87,C32,,
2017-11-24,603803,1,57650,7,0,1,0.52,0,8,0,C39,,
2017-08-26,603803,1,5674,4,4,1,0,0,50,16,C39,,
2017-11-21,603818,1,6726,0,0,0,2.17,0,11,0,C21,,
2017-10-27,603818,1,48877,71,19,11,0.01,2,695,336,C21,,
2017-12-26,603825,2,18037,23,4,1,2.92,2,164,315,I64,,
2017-09-11,603833,1,3106,18,18,11,2.06,0,20,4,C21,,
2017-03-16,603833,1,3475,24,24,29,7.22,1,44,364,C21,,
2017-06-24,603855,1,2239,2,1,0,0.08,0.5,22,35,C35,,
2017-12-09,603858,1,20298,14,9,4,0.1,2,38,357,C27,,
2017-12-14,603858,2,1643,0.5,0.5,0.5,2.26,1.5,80,164,C27,,
2017-11-29,603866,1,21408,13,11,5,2.56,1.5,1,383,C14,,
2017-06-08,603866,1,17657,14,12,6,0.22,1,7,9,C14,,
2017-11-03,603878,1,3100,1,1,1,1.83,1.5,118,123,C31,,
2017-11-15,603878,1,1685,0,1,0,2.53,1.5,35,26,C31,,
2017-11-30,603878,1,1725,1,1,1,2.45,2,249,50,C31,,
2017-12-06,603878,1,2023,1,1,1,1.77,1.5,100,17,C31,,
2017-12-11,603878,1,1293,1,1,1,1.91,2,564,61,C31,,
2017-12-12,603878,1,1458,0,1,1,0.71,1,28,36,C31,,
2017-12-20,603878,2,1033,0.5,1,1,1.05,1.75,240.5,172,C31,,
2017-12-22,603878,1,3965,5,5,0,0.82,1,15,24,C31,,
2017-08-08,603880,1,2005,2,2,1,0.81,1.5,30,32,C27,,
2017-03-22,603881,1,1004,3,3,2,0.48,1.5,23,14,I64,,
2017-04-26,603881,1,145708,10,10,6,0.66,2,332,340,I64,,
2017-04-27,603881,1,878,2,2,0,0.18,0.5,15,36,I64,,
2017-10-27,603896,1,4593,13,0,3,2.27,1,137,331,C27,,
2017-11-25,603896,1,36153,75,29,13,2.76,2,5,386,C27,,
2017-12-25,603900,1,18917,17,0,3,0.82,2,35,68,F52,,
2017-03-21,603908,1,2906,7,4,0,0.53,1.5,316,372,C18,,
2017-05-04,603920,1,75770,70,33,45,1.46,1.5,45,387,C39,,
2017-10-30,603926,1,50176,92,92,3,0.45,1.5,37,0,C36,,
2017-11-18,603929,1,4032,3,1,1,0.04,1.5,85,103,E49,,
2017-11-29,603955,2,6748.5,11.5,3,1,0.02,1,11,51,E48,,
2017-10-13,603960,2,46606.5,10,10,14,1.44,2,279.5,0,C35,,
2017-11-16,603968,1,4710,1,1,0,3.28,2,137,194,C26,,
2017-12-05,603968,1,5865,3,3,0,0.32,1,12,1,C26,,
2017-09-08,603976,1,12207,15,14,8,2.16,1,42,49,C27,,
2017-10-26,603979,1,18090,18,13,12,0.62,2,70,171,B11,,
2017-11-23,603979,1,2712,3,0,2,0,0.5,1,127,B11,,
2017-10-09,603979,1,15134,68,21,7,2.49,2,229,322,B11,,
2017-08-31,603979,1,11934,15,11,6,1.19,2,56,351,B11,,
2017-10-15,603979,1,10885,30,15,8,0.25,2,122,164,B11,,
2017-06-06,603980,1,8119,6,4,2,0.08,2,23,142,C26,,
2017-06-28,603985,1,11090,26,19,3,0.83,2,96,357,C33,,
2017-09-18,603986,1,562397,757,209,69,0.09,2,82,378,C39,,
2017-08-30,603986,1,46167,91,52,18,0.73,2,137,338,C39,,
2017-03-13,603986,1,3880,5,4,4,1.05,0.5,1,0,C39,,
